Dataset,Sequence_Count,Alignment_Path,Tree_Path,Tree_SHA256,Status,Elapsed_Seconds,Command
Euarchontoglires_MACSE,83,analysis_v2/selection_inputs/Euarchontoglires_MACSE_selection_input.fasta,analysis_v2/phylogenies/Euarchontoglires_MACSE/Euarchontoglires_MACSE.treefile,7959c75c3743f3edea8e9bf952fcef9886f34b3e0bcfb44515c223988834e252,newly_inferred,426.468,/opt/homebrew/bin/iqtree2 -s /Volumes/Expansion/Codex_Project_Archive/DNMT3L_Evolution/DNMT3L_Broadened_Reanalysis_20261006/analysis_v2/selection_inputs/Euarchontoglires_MACSE_selection_input.fasta -st CODON -m MGK+F3X4+R4 -fast --alrt 1000 -T 2 --seed 20261006 --prefix /Volumes/Expansion/Codex_Project_Archive/DNMT3L_Evolution/DNMT3L_Broadened_Reanalysis_20261006/analysis_v2/phylogenies/Euarchontoglires_MACSE/Euarchontoglires_MACSE
Euarchontoglires_MAFFT,83,analysis_v2/selection_inputs/Euarchontoglires_MAFFT_selection_input.fasta,analysis_v2/phylogenies/Euarchontoglires_MAFFT/Euarchontoglires_MAFFT.treefile,8565e47af154261497b369265d5a034dd8d18f4b4e64d5f6560d7b40e30a2e7e,newly_inferred,365.382,/opt/homebrew/bin/iqtree2 -s /Volumes/Expansion/Codex_Project_Archive/DNMT3L_Evolution/DNMT3L_Broadened_Reanalysis_20261006/analysis_v2/selection_inputs/Euarchontoglires_MAFFT_selection_input.fasta -st CODON -m MGK+F3X4+R4 -fast --alrt 1000 -T 2 --seed 20261006 --prefix /Volumes/Expansion/Codex_Project_Archive/DNMT3L_Evolution/DNMT3L_Broadened_Reanalysis_20261006/analysis_v2/phylogenies/Euarchontoglires_MAFFT/Euarchontoglires_MAFFT
Euarchontoglires_PRANK,83,analysis_v2/selection_inputs/Euarchontoglires_PRANK_selection_input.fasta,analysis_v2/phylogenies/Euarchontoglires_PRANK/Euarchontoglires_PRANK.treefile,309d7d99a7c05f65727353a72286d1c0f8d228ca71916bc9585f49c248569774,newly_inferred,244.167,/opt/homebrew/bin/iqtree2 -s /Volumes/Expansion/Codex_Project_Archive/DNMT3L_Evolution/DNMT3L_Broadened_Reanalysis_20261006/analysis_v2/selection_inputs/Euarchontoglires_PRANK_selection_input.fasta -st CODON -m MGK+F3X4+R4 -fast --alrt 1000 -T 2 --seed 20261006 --prefix /Volumes/Expansion/Codex_Project_Archive/DNMT3L_Evolution/DNMT3L_Broadened_Reanalysis_20261006/analysis_v2/phylogenies/Euarchontoglires_PRANK/Euarchontoglires_PRANK
Laurasiatheria_MACSE,117,analysis_v2/selection_inputs/Laurasiatheria_MACSE_selection_input.fasta,analysis_v2/phylogenies/Laurasiatheria_MACSE/Laurasiatheria_MACSE.treefile,1477ded2aca746699f0a526fceb2c2ac87033d90cd6f28e3e3f8d0f5990a571d,newly_inferred,1071.935,/opt/homebrew/bin/iqtree2 -s /Volumes/Expansion/Codex_Project_Archive/DNMT3L_Evolution/DNMT3L_Broadened_Reanalysis_20261006/analysis_v2/selection_inputs/Laurasiatheria_MACSE_selection_input.fasta -st CODON -m MGK+F3X4+R4 -fast --alrt 1000 -T 2 --seed 20261006 --prefix /Volumes/Expansion/Codex_Project_Archive/DNMT3L_Evolution/DNMT3L_Broadened_Reanalysis_20261006/analysis_v2/phylogenies/Laurasiatheria_MACSE/Laurasiatheria_MACSE
Laurasiatheria_MAFFT,118,analysis_v2/selection_inputs/Laurasiatheria_MAFFT_selection_input.fasta,analysis_v2/phylogenies/Laurasiatheria_MAFFT/Laurasiatheria_MAFFT.treefile,a2ea32c1cac5bb7d72c3c854c0a302717d7ff767df55ac0347f2329600792d10,newly_inferred,809.287,/opt/homebrew/bin/iqtree2 -s /Volumes/Expansion/Codex_Project_Archive/DNMT3L_Evolution/DNMT3L_Broadened_Reanalysis_20261006/analysis_v2/selection_inputs/Laurasiatheria_MAFFT_selection_input.fasta -st CODON -m MGK+F3X4+R4 -fast --alrt 1000 -T 2 --seed 20261006 --prefix /Volumes/Expansion/Codex_Project_Archive/DNMT3L_Evolution/DNMT3L_Broadened_Reanalysis_20261006/analysis_v2/phylogenies/Laurasiatheria_MAFFT/Laurasiatheria_MAFFT
Laurasiatheria_PRANK,117,analysis_v2/selection_inputs/Laurasiatheria_PRANK_selection_input.fasta,analysis_v2/phylogenies/Laurasiatheria_PRANK/Laurasiatheria_PRANK.treefile,073dfe281378ed5dc28e8d8d5460abc3c6fbcd56bd072f4b36a9ca887202dab7,newly_inferred,682.315,/opt/homebrew/bin/iqtree2 -s /Volumes/Expansion/Codex_Project_Archive/DNMT3L_Evolution/DNMT3L_Broadened_Reanalysis_20261006/analysis_v2/selection_inputs/Laurasiatheria_PRANK_selection_input.fasta -st CODON -m MGK+F3X4+R4 -fast --alrt 1000 -T 2 --seed 20261006 --prefix /Volumes/Expansion/Codex_Project_Archive/DNMT3L_Evolution/DNMT3L_Broadened_Reanalysis_20261006/analysis_v2/phylogenies/Laurasiatheria_PRANK/Laurasiatheria_PRANK
Placentalia_MACSE,210,analysis_v2/selection_inputs/Placentalia_MACSE_selection_input.fasta,analysis_v2/phylogenies/Placentalia_MACSE/Placentalia_MACSE.treefile,ea5e87c0c00abca886023f98da192fccd8f1dcb50214ec685e41b94d867127db,newly_inferred,1653.465,/opt/homebrew/bin/iqtree2 -s /Volumes/Expansion/Codex_Project_Archive/DNMT3L_Evolution/DNMT3L_Broadened_Reanalysis_20261006/analysis_v2/selection_inputs/Placentalia_MACSE_selection_input.fasta -st CODON -m MGK+F3X4+R4 -fast --alrt 1000 -T 2 --seed 20261006 --prefix /Volumes/Expansion/Codex_Project_Archive/DNMT3L_Evolution/DNMT3L_Broadened_Reanalysis_20261006/analysis_v2/phylogenies/Placentalia_MACSE/Placentalia_MACSE
Placentalia_MAFFT,211,analysis_v2/selection_inputs/Placentalia_MAFFT_selection_input.fasta,analysis_v2/phylogenies/Placentalia_MAFFT/Placentalia_MAFFT.treefile,466e41a009fd0519f8975df96a30a5193aa0773d4965c12eab1793e082c265f1,newly_inferred,1719.732,/opt/homebrew/bin/iqtree2 -s /Volumes/Expansion/Codex_Project_Archive/DNMT3L_Evolution/DNMT3L_Broadened_Reanalysis_20261006/analysis_v2/selection_inputs/Placentalia_MAFFT_selection_input.fasta -st CODON -m MGK+F3X4+R4 -fast --alrt 1000 -T 2 --seed 20261006 --prefix /Volumes/Expansion/Codex_Project_Archive/DNMT3L_Evolution/DNMT3L_Broadened_Reanalysis_20261006/analysis_v2/phylogenies/Placentalia_MAFFT/Placentalia_MAFFT
Placentalia_PRANK,210,analysis_v2/selection_inputs/Placentalia_PRANK_selection_input.fasta,analysis_v2/phylogenies/Placentalia_PRANK/Placentalia_PRANK.treefile,4258ae3aee16d248e4951bece0118d5b8ffde43f1e19cc29a9b74a2c11fae36f,newly_inferred,1141.382,/opt/homebrew/bin/iqtree2 -s /Volumes/Expansion/Codex_Project_Archive/DNMT3L_Evolution/DNMT3L_Broadened_Reanalysis_20261006/analysis_v2/selection_inputs/Placentalia_PRANK_selection_input.fasta -st CODON -m MGK+F3X4+R4 -fast --alrt 1000 -T 2 --seed 20261006 --prefix /Volumes/Expansion/Codex_Project_Archive/DNMT3L_Evolution/DNMT3L_Broadened_Reanalysis_20261006/analysis_v2/phylogenies/Placentalia_PRANK/Placentalia_PRANK
Sauropsida_MACSE,42,analysis_v2/selection_inputs/Sauropsida_MACSE_selection_input.fasta,analysis_v2/phylogenies/Sauropsida_MACSE/Sauropsida_MACSE.treefile,595391df9879fb7e76bb5f95faa57031154a2cb33612820b9485bc90d68942cf,newly_inferred,222.35,/opt/homebrew/bin/iqtree2 -s /Volumes/Expansion/Codex_Project_Archive/DNMT3L_Evolution/DNMT3L_Broadened_Reanalysis_20261006/analysis_v2/selection_inputs/Sauropsida_MACSE_selection_input.fasta -st CODON -m MGK+F3X4+R4 -fast --alrt 1000 -T 2 --seed 20261006 --prefix /Volumes/Expansion/Codex_Project_Archive/DNMT3L_Evolution/DNMT3L_Broadened_Reanalysis_20261006/analysis_v2/phylogenies/Sauropsida_MACSE/Sauropsida_MACSE
Sauropsida_MAFFT,42,analysis_v2/selection_inputs/Sauropsida_MAFFT_selection_input.fasta,analysis_v2/phylogenies/Sauropsida_MAFFT/Sauropsida_MAFFT.treefile,cea137d2d7f96fe90b11c40c18fec952485930a7bb6e3e969103c41d58d8216f,newly_inferred,190.381,/opt/homebrew/bin/iqtree2 -s /Volumes/Expansion/Codex_Project_Archive/DNMT3L_Evolution/DNMT3L_Broadened_Reanalysis_20261006/analysis_v2/selection_inputs/Sauropsida_MAFFT_selection_input.fasta -st CODON -m MGK+F3X4+R4 -fast --alrt 1000 -T 2 --seed 20261006 --prefix /Volumes/Expansion/Codex_Project_Archive/DNMT3L_Evolution/DNMT3L_Broadened_Reanalysis_20261006/analysis_v2/phylogenies/Sauropsida_MAFFT/Sauropsida_MAFFT
Sauropsida_PRANK,42,analysis_v2/selection_inputs/Sauropsida_PRANK_selection_input.fasta,analysis_v2/phylogenies/Sauropsida_PRANK/Sauropsida_PRANK.treefile,5e6e758ff4a5fe4b3fc7e16d328ddb5d6a7b21cb1680b9719e5d38b9646d0cf5,newly_inferred,211.076,/opt/homebrew/bin/iqtree2 -s /Volumes/Expansion/Codex_Project_Archive/DNMT3L_Evolution/DNMT3L_Broadened_Reanalysis_20261006/analysis_v2/selection_inputs/Sauropsida_PRANK_selection_input.fasta -st CODON -m MGK+F3X4+R4 -fast --alrt 1000 -T 2 --seed 20261006 --prefix /Volumes/Expansion/Codex_Project_Archive/DNMT3L_Evolution/DNMT3L_Broadened_Reanalysis_20261006/analysis_v2/phylogenies/Sauropsida_PRANK/Sauropsida_PRANK
