Candidate_Tip,Nearest_DNMT3L_Tip,Nearest_DNMT3L_Distance,Nearest_DNMT3A_B_or_C_Tip,Nearest_DNMT3A_B_or_C_Distance,Nearest_Group_Is_DNMT3L,Paralog_to_DNMT3L_Distance_Ratio
DNMT3L__Ascaphus_truei,DNMT3L__Rhinatrema_bivittatum,1.0893801771,DNMT3A__Alligator_mississippiensis__XP_059583600_1,2.2106094141000003,True,2.029235945879596
DNMT3L__Erinaceus_europaeus,DNMT3L__Talpa_occidentalis,0.5627826087,DNMT3A__Alligator_mississippiensis__XP_059583600_1,2.0809247665,True,3.697564093721434
DNMT3L__Talpa_occidentalis,DNMT3L__Equus_caballus,0.5415321522000001,DNMT3A__Alligator_mississippiensis__XP_059583600_1,2.0097586032,True,3.711245204989695
DNMT3L__Hemicordylus_capensis,DNMT3L__Tiliqua_scincoides,0.45548274870000005,DNMT3A__Alligator_mississippiensis__XP_059583600_1,1.8779767381,True,4.123046906737875
DNMT3L__Tiliqua_scincoides,DNMT3L__Hemicordylus_capensis,0.45548274870000005,DNMT3A__Alligator_mississippiensis__XP_059583600_1,1.9043720752,True,4.180997152219916
DNMT3L__Jaculus_jaculus,DNMT3L__Nannospalax_galili,0.46191239789999994,DNMT3A__Alligator_mississippiensis__XP_059583600_1,2.0878132251,True,4.519933291662793
DNMT3L__Rhinatrema_bivittatum,DNMT3L__Geotrypetes_seraphini,0.35052001320000004,DNMT3A__Alligator_mississippiensis__XP_059583600_1,1.8741148272,True,5.346669966404075
DNMT3L__Sceloporus_undulatus,DNMT3L__Pogona_vitticeps,0.35133082849999997,DNMT3A__Alligator_mississippiensis__XP_059583600_1,1.9016681062000003,True,5.412756160110215
DNMT3L__Pogona_vitticeps,DNMT3L__Sceloporus_undulatus,0.35133082849999997,DNMT3A__Alligator_mississippiensis__XP_059583600_1,1.9217372443,True,5.46987935133623
DNMT3L__Suncus_etruscus,DNMT3L__Sorex_araneus,0.3948327631,DNMT3A__Alligator_mississippiensis__XP_059583600_1,2.2252777524000003,True,5.636000758722245
DNMT3L__Elgaria_multicarinata_webbii,DNMT3L__Varanus_komodoensis,0.32992713780000005,DNMT3A__Alligator_mississippiensis__XP_059583600_1,1.925159061,True,5.835103695431749
DNMT3L__Varanus_komodoensis,DNMT3L__Elgaria_multicarinata_webbii,0.32992713780000005,DNMT3A__Alligator_mississippiensis__XP_059583600_1,1.9456437792,True,5.897192307895079
DNMT3L__Castor_canadensis,DNMT3L__Sciurus_carolinensis,0.3037371492,DNMT3A__Alligator_mississippiensis__XP_059583600_1,1.808238104,True,5.953299123148549
DNMT3L__Nannospalax_galili,DNMT3L__Rattus_rattus,0.320041602,DNMT3A__Alligator_mississippiensis__XP_059583600_1,1.9438337388,True,6.073690815983355
DNMT3L__Candoia_aspera,DNMT3L__Notechis_scutatus,0.3456933837,DNMT3A__Alligator_mississippiensis__XP_059583600_1,2.1316322732,True,6.166251290044578
DNMT3L__Rhineura_floridana,DNMT3L__Podarcis_cretensis,0.3012953544,DNMT3A__Alligator_mississippiensis__XP_059583600_1,1.8991319593,True,6.303223503335902
DNMT3L__Meles_meles,DNMT3L__Neogale_vison,0.32220368309999997,DNMT3A__Alligator_mississippiensis__XP_059583600_1,2.0456911262,True,6.349061893141346
DNMT3L__Eublepharis_macularius,DNMT3L__Euleptes_europaea,0.2917401761,DNMT3A__Alligator_mississippiensis__XP_059583600_1,1.8559692005000001,True,6.361719614043929
DNMT3L__Ambystoma_mexicanum,DNMT3L__Lissotriton_helveticus,0.2929741736,DNMT3A__Alligator_mississippiensis__XP_059583600_1,1.9621827797,True,6.697459900950123
DNMT3L__Muscardinus_avellanarius,DNMT3L__Sciurus_carolinensis,0.2720025853,DNMT3A__Alligator_mississippiensis__XP_059583600_1,1.8259736291,True,6.713074535986773
DNMT3L__Ursus_maritimus,DNMT3L__Ursus_arctos,0.2785315493,DNMT3A__Alligator_mississippiensis__XP_059583600_1,1.9086042115000001,True,6.852380695460412
DNMT3L__Lissotriton_helveticus,DNMT3L__Ambystoma_mexicanum,0.2929741736,DNMT3A__Alligator_mississippiensis__XP_059583600_1,2.0212834781,True,6.8991865503464975
DNMT3L__Sphaerodactylus_townsendi,DNMT3L__Euleptes_europaea,0.2705546592,DNMT3A__Alligator_mississippiensis__XP_059583600_1,1.9020603122000002,True,7.0302256772224165
DNMT3L__Choloepus_didactylus,DNMT3L__Dasypus_novemcinctus,0.2336440959,DNMT3A__Alligator_mississippiensis__XP_059583600_1,1.7051368939,True,7.298009767085238
DNMT3L__Dasypus_novemcinctus,DNMT3L__Choloepus_didactylus,0.2336440959,DNMT3A__Alligator_mississippiensis__XP_059583600_1,1.7076757748,True,7.308876212865604
DNMT3L__Tamandua_tetradactyla,DNMT3L__Choloepus_didactylus,0.2439887948,DNMT3A__Alligator_mississippiensis__XP_059583600_1,1.7892748413000001,True,7.333430384648141
DNMT3L__Rousettus_aegyptiacus,DNMT3L__Pteropus_medius,0.2398835429,DNMT3A__Alligator_mississippiensis__XP_059583600_1,1.7798232308,True,7.419530365790674
DNMT3L__Chrysochloris_asiatica,DNMT3L__Elephas_maximus_indicus,0.2396326599,DNMT3A__Alligator_mississippiensis__XP_059583600_1,1.7834883962,True,7.442593162986462
DNMT3L__Tupaia_chinensis,DNMT3L__Equus_caballus,0.2203437567,DNMT3A__Alligator_mississippiensis__XP_059583600_1,1.6885702077,True,7.663344916094008
DNMT3L__Carlito_syrichta,DNMT3L__Theropithecus_gelada,0.2213057704,DNMT3A__Alligator_mississippiensis__XP_059583600_1,1.7052695594,True,7.7054907168385345
DNMT3L__Cynocephalus_volans,DNMT3L__Equus_caballus,0.21350314110000002,DNMT3A__Alligator_mississippiensis__XP_059583600_1,1.6817295921,True,7.876837705691253
DNMT3L__Python_bivittatus,DNMT3L__Notechis_scutatus,0.2546568526,DNMT3A__Alligator_mississippiensis__XP_059583600_1,2.0405957421,True,8.013119306493778
DNMT3L__Cavia_porcellus,DNMT3L__Octodon_degus,0.2313047616,DNMT3A__Alligator_mississippiensis__XP_059583600_1,1.9046053734,True,8.234181433297394
DNMT3L__Halichoerus_grypus,DNMT3L__Ursus_arctos,0.21897526150000002,DNMT3A__Alligator_mississippiensis__XP_059583600_1,1.8490479237,True,8.444095059112419
DNMT3L__Cercocebus_atys,DNMT3L__Theropithecus_gelada,0.2156278039,DNMT3A__Alligator_mississippiensis__XP_059583600_1,1.9593411275000001,True,9.086681272368141
DNMT3L__Euleptes_europaea,DNMT3L__Paroedura_picta,0.20454922790000002,DNMT3A__Alligator_mississippiensis__XP_059583600_1,1.8770417988,True,9.176479510925594
DNMT3L__Paroedura_picta,DNMT3L__Euleptes_europaea,0.20454922790000002,DNMT3A__Alligator_mississippiensis__XP_059583600_1,1.9008194053,True,9.292723442736593
DNMT3L__Elephantulus_edwardii,DNMT3L__Elephas_maximus_indicus,0.1861448885,DNMT3A__Alligator_mississippiensis__XP_059583600_1,1.7575812236000001,True,9.442006373438506
DNMT3L__Pipistrellus_kuhlii,DNMT3L__Plecotus_auritus,0.2112103232,DNMT3A__Alligator_mississippiensis__XP_059583600_1,2.0045485722,True,9.490769872558957
DNMT3L__Heterocephalus_glaber,DNMT3L__Fukomys_damarensis,0.21792052430000003,DNMT3A__Alligator_mississippiensis__XP_059583600_1,2.068859515,True,9.493642334266355
DNMT3L__Gekko_japonicus,DNMT3L__Heteronotia_binoei,0.194993913,DNMT3A__Alligator_mississippiensis__XP_059583600_1,1.8847730365,True,9.665804473086295
DNMT3L__Fukomys_damarensis,DNMT3L__Heterocephalus_glaber,0.21792052430000003,DNMT3A__Alligator_mississippiensis__XP_059583600_1,2.1173426465,True,9.716123129298104
DNMT3L__Heteronotia_binoei,DNMT3L__Gekko_japonicus,0.194993913,DNMT3A__Alligator_mississippiensis__XP_059583600_1,1.9093099459,True,9.79163870566565
DNMT3L__Geotrypetes_seraphini,DNMT3L__Microcaecilia_unicolor,0.1936294949,DNMT3A__Alligator_mississippiensis__XP_059583600_1,1.9309510784000001,True,9.972401567215988
DNMT3L__Microcaecilia_unicolor,DNMT3L__Geotrypetes_seraphini,0.1936294949,DNMT3A__Alligator_mississippiensis__XP_059583600_1,1.9339902095000001,True,9.9880971672152
DNMT3L__Pteropus_medius,DNMT3L__Pteropus_vampyrus,0.1884684519,DNMT3A__Alligator_mississippiensis__XP_059583600_1,1.8905228873,True,10.030977960720438
DNMT3L__Octodon_degus,DNMT3L__Chinchilla_lanigera,0.1927590896,DNMT3A__Alligator_mississippiensis__XP_059583600_1,1.9344921342,True,10.03580240088455
DNMT3L__Chinchilla_lanigera,DNMT3L__Octodon_degus,0.1927590896,DNMT3A__Alligator_mississippiensis__XP_059583600_1,1.9574841058,True,10.15508067537584
DNMT3L__Molossus_molossus,DNMT3L__Saccopteryx_leptura,0.1731950799,DNMT3A__Alligator_mississippiensis__XP_059583600_1,1.7686565434,True,10.211932951104577
DNMT3L__Pelodiscus_sinensis,DNMT3L__Natator_depressus,0.1538277246,DNMT3A__Alligator_mississippiensis__XP_059583600_1,1.6539490685000002,True,10.751956923245034
DNMT3L__Suricata_suricatta,DNMT3L__Hyaena_hyaena,0.15670505769999998,DNMT3A__Alligator_mississippiensis__XP_059583600_1,1.7839556640999998,True,11.384161368392132
DNMT3L__Acomys_russatus,DNMT3L__Meriones_unguiculatus,0.1752161561,DNMT3A__Alligator_mississippiensis__XP_059583600_1,2.0243395896000003,True,11.553384314883965
DNMT3L__Erythrolamprus_reginae,DNMT3L__Notechis_scutatus,0.1724694183,DNMT3A__Alligator_mississippiensis__XP_059583600_1,2.0274706078,True,11.755536881752214
DNMT3L__Phacochoerus_africanus,DNMT3L__Sus_scrofa,0.1578053145,DNMT3A__Alligator_mississippiensis__XP_059583600_1,1.9310507170000002,True,12.236918148913169
DNMT3L__Sus_scrofa,DNMT3L__Phacochoerus_africanus,0.1578053145,DNMT3A__Alligator_mississippiensis__XP_059583600_1,1.9573223887000002,True,12.403399688417974
DNMT3L__Enhydra_lutris_kenyoni,DNMT3L__Lutra_lutra,0.1513603002,DNMT3A__Alligator_mississippiensis__XP_059583600_1,1.9119922656,True,12.63205915338162
DNMT3L__Macaca_mulatta,DNMT3L__Theropithecus_gelada,0.144275389,DNMT3A__Alligator_mississippiensis__XP_059583600_1,1.8879887126000001,True,13.086006738127734
DNMT3L__Echinops_telfairi,DNMT3L__Tenrec_ecaudatus,0.1319773138,DNMT3A__Alligator_mississippiensis__XP_059583600_1,1.7465027236000001,True,13.233355592057825
DNMT3L__Marmota_marmota_marmota,DNMT3L__Marmota_monax,0.147846545,DNMT3A__Alligator_mississippiensis__XP_059583600_1,1.9598942494,True,13.256273586914054
DNMT3L__Hippopotamus_amphibius_kiboko,DNMT3L__Vicugna_pacos,0.12332250249999999,DNMT3A__Alligator_mississippiensis__XP_059583600_1,1.6707215717000001,True,13.547580837487468
DNMT3L__Tenrec_ecaudatus,DNMT3L__Echinops_telfairi,0.1319773138,DNMT3A__Alligator_mississippiensis__XP_059583600_1,1.8074030424,True,13.694800949949325
DNMT3L__Orycteropus_afer_afer,DNMT3L__Elephas_maximus_indicus,0.1240775171,DNMT3A__Alligator_mississippiensis__XP_059583600_1,1.7020443704000001,True,13.717588892661682
DNMT3L__Anolis_carolinensis,DNMT3L__Anolis_sagrei,0.1494859375,DNMT3A__Alligator_mississippiensis__XP_059583600_1,2.090911991,True,13.987349084257508
DNMT3L__Anolis_sagrei,DNMT3L__Anolis_carolinensis,0.1494859375,DNMT3A__Alligator_mississippiensis__XP_059583600_1,2.0927599841,True,13.999711404960753
DNMT3L__Dermochelys_coriacea,DNMT3L__Chelonia_mydas,0.118739354,DNMT3A__Alligator_mississippiensis__XP_059583600_1,1.7122926697,True,14.420599506546077
DNMT3L__Emydura_macquarii_macquarii,DNMT3L__Natator_depressus,0.1078689033,DNMT3A__Alligator_mississippiensis__XP_059583600_1,1.5715738434000002,True,14.56929472091889
DNMT3L__Macrotis_lagotis,DNMT3L__Dromiciops_gliroides,0.10614704380000001,DNMT3A__Alligator_mississippiensis__XP_059583600_1,1.5937648167,True,15.014688677556935
DNMT3L__Notamacropus_eugenii,DNMT3L__Trichosurus_vulpecula,0.10650816260000001,DNMT3A__Alligator_mississippiensis__XP_059583600_1,1.6121203571,True,15.136120253566366
DNMT3L__Mastomys_coucha,DNMT3L__Apodemus_sylvaticus,0.1366501497,DNMT3A__Alligator_mississippiensis__XP_059583600_1,2.0964536308,True,15.341758756960953
DNMT3L__Hipposideros_armiger,DNMT3L__Rhinolophus_hipposideros,0.1134291028,DNMT3A__Alligator_mississippiensis__XP_059583600_1,1.7692498691,True,15.597847690107974
DNMT3L__Thamnophis_sirtalis,DNMT3L__Thamnophis_elegans,0.13066552110000001,DNMT3A__Alligator_mississippiensis__XP_059583600_1,2.0673485159,True,15.821683474692849
DNMT3L__Apodemus_sylvaticus,DNMT3L__Rattus_rattus,0.1298268431,DNMT3A__Alligator_mississippiensis__XP_059583600_1,2.0697954089,True,15.942738492884143
DNMT3L__Micromys_minutus,DNMT3L__Rattus_rattus,0.1289908206,DNMT3A__Alligator_mississippiensis__XP_059583600_1,2.0689593864,True,16.03958620292706
DNMT3L__Petaurus_breviceps_papuanus,DNMT3L__Phascolarctos_cinereus,0.09601424189999999,DNMT3A__Alligator_mississippiensis__XP_059583600_1,1.5944096042,True,16.605969829565463
DNMT3L__Ailuropoda_melanoleuca,DNMT3L__Ursus_arctos,0.1074287013,DNMT3A__Alligator_mississippiensis__XP_059583600_1,1.7862720511,True,16.627512289399707
DNMT3L__Trichechus_manatus_latirostris,DNMT3L__Elephas_maximus_indicus,0.0987279623,DNMT3A__Alligator_mississippiensis__XP_059583600_1,1.7073500434,True,17.293480019489877
DNMT3L__Dromiciops_gliroides,DNMT3L__Trichosurus_vulpecula,0.08949713079999999,DNMT3A__Alligator_mississippiensis__XP_059583600_1,1.5587098403,True,17.41631073942764
DNMT3L__Trichosurus_vulpecula,DNMT3L__Phascolarctos_cinereus,0.0874828294,DNMT3A__Alligator_mississippiensis__XP_059583600_1,1.5803037347,True,18.064158938828285
DNMT3L__Sorex_araneus,DNMT3L__Sorex_fumeus,0.11529147179999999,DNMT3A__Alligator_mississippiensis__XP_059583600_1,2.0868187279,True,18.100373733801185
DNMT3L__Sorex_fumeus,DNMT3L__Sorex_araneus,0.11529147179999999,DNMT3A__Alligator_mississippiensis__XP_059583600_1,2.1026120657,True,18.237359909390975
DNMT3L__Ursus_arctos,DNMT3L__Callorhinus_ursinus,0.0881452176,DNMT3A__Alligator_mississippiensis__XP_059583600_1,1.7165124174,True,19.473687445976648
DNMT3L__Pteronotus_mesoamericanus,DNMT3L__Sturnira_hondurensis,0.0926007349,DNMT3A__Alligator_mississippiensis__XP_059583600_1,1.8066346417,True,19.509938486460115
DNMT3L__Crocodylus_porosus,DNMT3L__Gavialis_gangeticus,0.08241467560000001,DNMT3A__Alligator_mississippiensis__XP_059583600_1,1.6166525230000002,True,19.616075792695348
DNMT3L__Desmodus_rotundus,DNMT3L__Sturnira_hondurensis,0.0866014625,DNMT3A__Alligator_mississippiensis__XP_059583600_1,1.8361104329,True,21.20184093773243
DNMT3L__Propithecus_coquereli,DNMT3L__Microcebus_murinus,0.0789124912,DNMT3A__Alligator_mississippiensis__XP_059583600_1,1.7264357509000001,True,21.877851334390517
DNMT3L__Microcebus_murinus,DNMT3L__Propithecus_coquereli,0.0789124912,DNMT3A__Alligator_mississippiensis__XP_059583600_1,1.7463444171,True,22.13013922819864
DNMT3L__Dipodomys_merriami,DNMT3L__Dipodomys_spectabilis,0.091722116,DNMT3A__Alligator_mississippiensis__XP_059583600_1,2.0373538877,True,22.212242549005303
DNMT3L__Mus_pahari,DNMT3L__Mus_musculus,0.0902128367,DNMT3A__Alligator_mississippiensis__XP_059583600_1,2.0714834001,True,22.96218006078951
DNMT3L__Ochotona_princeps,DNMT3L__Ochotona_curzoniae,0.0854423153,DNMT3A__Alligator_mississippiensis__XP_059583600_1,2.0303226507,True,23.762495709195747
DNMT3L__Gracilinanus_agilis,DNMT3L__Monodelphis_domestica,0.0672990702,DNMT3A__Alligator_mississippiensis__XP_059583600_1,1.5992102933,True,23.762739790422838
DNMT3L__Ochotona_curzoniae,DNMT3L__Ochotona_princeps,0.0854423153,DNMT3A__Alligator_mississippiensis__XP_059583600_1,2.0407896808,True,23.884999764279563
DNMT3L__Monodelphis_domestica,DNMT3L__Gracilinanus_agilis,0.0672990702,DNMT3A__Alligator_mississippiensis__XP_059583600_1,1.6108867231,True,23.936240401431277
DNMT3L__Physeter_macrocephalus,DNMT3L__Balaenoptera_borealis,0.068815636,DNMT3A__Alligator_mississippiensis__XP_059583600_1,1.7068590835000002,True,24.803361310211535
DNMT3L__Phascolarctos_cinereus,DNMT3L__Vombatus_ursinus,0.0635501748,DNMT3A__Alligator_mississippiensis__XP_059583600_1,1.5820853245,True,24.895058581333753
DNMT3L__Lemur_catta,DNMT3L__Eulemur_rufifrons,0.0694502592,DNMT3A__Alligator_mississippiensis__XP_059583600_1,1.7310333571,True,24.9247933274812
DNMT3L__Eulemur_rufifrons,DNMT3L__Lemur_catta,0.0694502592,DNMT3A__Alligator_mississippiensis__XP_059583600_1,1.7334629103,True,24.95977596437826
DNMT3L__Vombatus_ursinus,DNMT3L__Phascolarctos_cinereus,0.0635501748,DNMT3A__Alligator_mississippiensis__XP_059583600_1,1.5888154311,True,25.00096083291969
DNMT3L__Plecotus_auritus,DNMT3L__Myotis_nattereri,0.0703036294,DNMT3A__Alligator_mississippiensis__XP_059583600_1,1.7933435218,True,25.508548237198124
DNMT3L__Mesocricetus_auratus,DNMT3L__Cricetulus_griseus,0.0790915187,DNMT3A__Alligator_mississippiensis__XP_059583600_1,2.039065654,True,25.78109116521491
DNMT3L__Cricetulus_griseus,DNMT3L__Phodopus_roborovskii,0.0749920953,DNMT3A__Alligator_mississippiensis__XP_059583600_1,2.0172573513,True,26.89959979421991
DNMT3L__Phodopus_roborovskii,DNMT3L__Cricetulus_griseus,0.0749920953,DNMT3A__Alligator_mississippiensis__XP_059583600_1,2.0349662306000003,True,27.13574307344364
DNMT3L__Lipotes_vexillifer,DNMT3L__Monodon_monoceros,0.0611246557,DNMT3A__Alligator_mississippiensis__XP_059583600_1,1.7187703735000002,True,28.119101102764986
DNMT3L__Dipodomys_ordii,DNMT3L__Dipodomys_spectabilis,0.06458738480000001,DNMT3A__Alligator_mississippiensis__XP_059583600_1,1.9154049971,True,29.65602343292277
DNMT3L__Podarcis_raffonei,DNMT3L__Podarcis_cretensis,0.06298854779999999,DNMT3A__Alligator_mississippiensis__XP_059583600_1,1.8998239425,True,30.161418366593942
DNMT3L__Dipodomys_spectabilis,DNMT3L__Dipodomys_ordii,0.06458738480000001,DNMT3A__Alligator_mississippiensis__XP_059583600_1,1.9620496917,True,30.3782185604146
DNMT3L__Cnephaeus_nilssonii,DNMT3L__Eptesicus_fuscus,0.0576379863,DNMT3A__Alligator_mississippiensis__XP_059583600_1,1.8817294898,True,32.64738431363276
DNMT3L__Eptesicus_fuscus,DNMT3L__Cnephaeus_nilssonii,0.0576379863,DNMT3A__Alligator_mississippiensis__XP_059583600_1,1.8892847829,True,32.77846615019581
DNMT3L__Gavialis_gangeticus,DNMT3L__Alligator_mississippiensis,0.0514945862,DNMT3A__Alligator_mississippiensis__XP_059583600_1,1.693580039,True,32.888506617419914
DNMT3L__Spermophilus_citellus,DNMT3L__Callospermophilus_lateralis,0.0560617231,DNMT3A__Alligator_mississippiensis__XP_059583600_1,1.8441530348000001,True,32.8950473304307
DNMT3L__Otolemur_garnettii,DNMT3L__Nycticebus_coucang,0.0529901792,DNMT3A__Alligator_mississippiensis__XP_059583600_1,1.7488346981,True,33.00299648920606
DNMT3L__Nycticebus_coucang,DNMT3L__Otolemur_garnettii,0.0529901792,DNMT3A__Alligator_mississippiensis__XP_059583600_1,1.7644434183,True,33.29755522510103
DNMT3L__Giraffa_tippelskirchi,DNMT3L__Moschus_berezovskii,0.0504648045,DNMT3A__Alligator_mississippiensis__XP_059583600_1,1.7056894252,True,33.799584524299505
DNMT3L__Puma_concolor,DNMT3L__Prionailurus_viverrinus,0.052338660700000005,DNMT3A__Alligator_mississippiensis__XP_059583600_1,1.806683737,True,34.519105243363626
DNMT3L__Moschus_berezovskii,DNMT3L__Ovis_aries,0.0474244013,DNMT3A__Alligator_mississippiensis__XP_059583600_1,1.6863601261,True,35.55891228720688
DNMT3L__Martes_martes,DNMT3L__Neogale_vison,0.0499246285,DNMT3A__Alligator_mississippiensis__XP_059583600_1,1.7886454968,True,35.826916504746755
DNMT3L__Sturnira_hondurensis,DNMT3L__Artibeus_jamaicensis,0.050005734600000004,DNMT3A__Alligator_mississippiensis__XP_059583600_1,1.8272523618,True,36.54085629211014
DNMT3L__Mustela_nivalis,DNMT3L__Mustela_nigripes,0.049442005500000004,DNMT3A__Alligator_mississippiensis__XP_059583600_1,1.8132304427000001,True,36.67388538072146
DNMT3L__Artibeus_jamaicensis,DNMT3L__Sturnira_hondurensis,0.050005734600000004,DNMT3A__Alligator_mississippiensis__XP_059583600_1,1.8382062318,True,36.75990856856645
DNMT3L__Callithrix_jacchus,DNMT3L__Cebus_imitator,0.0500313256,DNMT3A__Alligator_mississippiensis__XP_059583600_1,1.8402961261000002,True,36.782877607784194
DNMT3L__Arvicanthis_niloticus,DNMT3L__Grammomys_surdaster,0.0547689389,DNMT3A__Alligator_mississippiensis__XP_059583600_1,2.0529901574,True,37.48457060941891
DNMT3L__Grammomys_surdaster,DNMT3L__Arvicanthis_niloticus,0.0547689389,DNMT3A__Alligator_mississippiensis__XP_059583600_1,2.0619396305,True,37.64797478119482
DNMT3L__Mirounga_leonina,DNMT3L__Mirounga_angustirostris,0.0436092458,DNMT3A__Alligator_mississippiensis__XP_059583600_1,1.7610371063,True,40.382195885167086
DNMT3L__Nyctereutes_procyonoides,DNMT3L__Vulpes_vulpes,0.0456768238,DNMT3A__Alligator_mississippiensis__XP_059583600_1,1.8445504585,True,40.38263401537127
DNMT3L__Aotus_nancymaae,DNMT3L__Cebus_imitator,0.0442634692,DNMT3A__Alligator_mississippiensis__XP_059583600_1,1.8361578041,True,41.48246482451493
DNMT3L__Lepus_europaeus,DNMT3L__Oryctolagus_cuniculus,0.044168666,DNMT3A__Alligator_mississippiensis__XP_059583600_1,1.8557492824000001,True,42.01506294982964
DNMT3L__Oryctolagus_cuniculus,DNMT3L__Lepus_europaeus,0.044168666,DNMT3A__Alligator_mississippiensis__XP_059583600_1,1.8916791142,True,42.828531751445695
DNMT3L__Sminthopsis_crassicaudata,DNMT3L__Antechinus_flavipes,0.0334654521,DNMT3A__Alligator_mississippiensis__XP_059583600_1,1.5820883633,True,47.27527237858531
DNMT3L__Lutra_lutra,DNMT3L__Lontra_canadensis,0.0372385898,DNMT3A__Alligator_mississippiensis__XP_059583600_1,1.7894247822,True,48.05296848808168
DNMT3L__Lontra_canadensis,DNMT3L__Lutra_lutra,0.0372385898,DNMT3A__Alligator_mississippiensis__XP_059583600_1,1.7917525508,True,48.115478067861744
DNMT3L__Myotis_brandtii,DNMT3L__Myotis_lucifugus,0.0368956992,DNMT3A__Alligator_mississippiensis__XP_059583600_1,1.8226129737,True,49.39906312169848
DNMT3L__Capra_hircus,DNMT3L__Ovis_aries,0.033088789300000004,DNMT3A__Alligator_mississippiensis__XP_059583600_1,1.7150500409,True,51.83175562425307
DNMT3L__Pituophis_catenifer_annectens,DNMT3L__Ahaetulla_prasina,0.036199063399999995,DNMT3A__Alligator_mississippiensis__XP_059583600_1,1.9290448548,True,53.28991066658372
DNMT3L__Ahaetulla_prasina,DNMT3L__Pituophis_catenifer_annectens,0.036199063399999995,DNMT3A__Alligator_mississippiensis__XP_059583600_1,1.9300293026,True,53.31710606081593
DNMT3L__Myotis_lucifugus,DNMT3L__Myotis_yumanensis,0.0342495232,DNMT3A__Alligator_mississippiensis__XP_059583600_1,1.8303339324999999,True,53.44115075155265
DNMT3L__Callospermophilus_lateralis,DNMT3L__Ictidomys_tridecemlineatus,0.0339496845,DNMT3A__Alligator_mississippiensis__XP_059583600_1,1.8157315003,True,53.48301544009931
DNMT3L__Myotis_yumanensis,DNMT3L__Myotis_lucifugus,0.0342495232,DNMT3A__Alligator_mississippiensis__XP_059583600_1,1.8328035801,True,53.51325825464338
DNMT3L__Lacerta_agilis,DNMT3L__Podarcis_cretensis,0.0347336685,DNMT3A__Alligator_mississippiensis__XP_059583600_1,1.875527919,True,53.99740367188683
DNMT3L__Natrix_helvetica,DNMT3L__Thamnophis_elegans,0.0354507101,DNMT3A__Alligator_mississippiensis__XP_059583600_1,1.9319605799000001,True,54.49709115699773
DNMT3L__Thamnophis_elegans,DNMT3L__Natrix_helvetica,0.0354507101,DNMT3A__Alligator_mississippiensis__XP_059583600_1,1.9437040626000002,True,54.8283534269741
DNMT3L__Monodon_monoceros,DNMT3L__Phocoena_phocoena,0.0315118974,DNMT3A__Alligator_mississippiensis__XP_059583600_1,1.7307277598000002,True,54.922994252957935
DNMT3L__Antechinus_flavipes,DNMT3L__Sarcophilus_harrisii,0.028438031000000003,DNMT3A__Alligator_mississippiensis__XP_059583600_1,1.5743624882,True,55.3611636544035
DNMT3L__Sarcophilus_harrisii,DNMT3L__Antechinus_flavipes,0.028438031000000003,DNMT3A__Alligator_mississippiensis__XP_059583600_1,1.5770650744,True,55.4561978781161
DNMT3L__Myotis_davidii,DNMT3L__Myotis_nattereri,0.0331216451,DNMT3A__Alligator_mississippiensis__XP_059583600_1,1.8408984599,True,55.57992226358346
DNMT3L__Ictidomys_tridecemlineatus,DNMT3L__Marmota_monax,0.031208024,DNMT3A__Alligator_mississippiensis__XP_059583600_1,1.8220409962000002,True,58.383734779234985
DNMT3L__Saimiri_boliviensis,DNMT3L__Cebus_imitator,0.0308158453,DNMT3A__Alligator_mississippiensis__XP_059583600_1,1.8113768238,True,58.780695650753415
DNMT3L__Rhinolophus_hipposideros,DNMT3L__Rhinolophus_ferrumequinum,0.028761496400000003,DNMT3A__Alligator_mississippiensis__XP_059583600_1,1.7548601137,True,61.01421460463371
DNMT3L__Zootoca_vivipara,DNMT3L__Podarcis_cretensis,0.0306693309,DNMT3A__Alligator_mississippiensis__XP_059583600_1,1.8714635814,True,61.020685045333025
DNMT3L__Sciurus_carolinensis,DNMT3L__Sciurus_vulgaris,0.029160401,DNMT3A__Alligator_mississippiensis__XP_059583600_1,1.7949828752,True,61.55549353385093
DNMT3L__Sagmatias_obliquidens,DNMT3L__Globicephala_melas,0.0286687229,DNMT3A__Alligator_mississippiensis__XP_059583600_1,1.769052357,True,61.70670256818451
DNMT3L__Sciurus_vulgaris,DNMT3L__Sciurus_carolinensis,0.029160401,DNMT3A__Alligator_mississippiensis__XP_059583600_1,1.800708669,True,61.751848645702786
DNMT3L__Vipera_berus,DNMT3L__Protobothrops_mucrosquamatus,0.0313318695,DNMT3A__Alligator_mississippiensis__XP_059583600_1,1.9415735122000002,True,61.968007118119786
DNMT3L__Mus_musculus,DNMT3L__Mus_caroli,0.0323776301,DNMT3A__Alligator_mississippiensis__XP_059583600_1,2.0764658896,True,64.13273248186253
DNMT3L__Mus_caroli,DNMT3L__Mus_musculus,0.0323776301,DNMT3A__Alligator_mississippiensis__XP_059583600_1,2.0795819099,True,64.22897239473991
DNMT3L__Alligator_mississippiensis,DNMT3L__Alligator_sinensis,0.026577971800000003,DNMT3A__Alligator_mississippiensis__XP_059583600_1,1.7116961792,True,64.40281418313492
DNMT3L__Meriones_unguiculatus,DNMT3L__Psammomys_obesus,0.0310222062,DNMT3A__Alligator_mississippiensis__XP_059583600_1,2.0181096715,True,65.05371212122238
DNMT3L__Alligator_sinensis,DNMT3L__Alligator_mississippiensis,0.026577971800000003,DNMT3A__Alligator_mississippiensis__XP_059583600_1,1.7305968268000003,True,65.11395375925562
DNMT3L__Psammomys_obesus,DNMT3L__Meriones_unguiculatus,0.0310222062,DNMT3A__Alligator_mississippiensis__XP_059583600_1,2.0246103889000002,True,65.26326257543863
DNMT3L__Phyllostomus_discolor,DNMT3L__Phyllostomus_hastatus,0.028632076700000002,DNMT3A__Alligator_mississippiensis__XP_059583600_1,1.8698359113,True,65.30563363921136
DNMT3L__Myodes_glareolus,DNMT3L__Arvicola_amphibius,0.0311010778,DNMT3A__Alligator_mississippiensis__XP_059583600_1,2.0404211744,True,65.60612424820853
DNMT3L__Phyllostomus_hastatus,DNMT3L__Phyllostomus_discolor,0.028632076700000002,DNMT3A__Alligator_mississippiensis__XP_059583600_1,1.8800858444,True,65.66362140263475
DNMT3L__Hyaena_hyaena,DNMT3L__Crocuta_crocuta,0.026874840799999997,DNMT3A__Alligator_mississippiensis__XP_059583600_1,1.7704332714,True,65.87697707961865
DNMT3L__Arvicola_amphibius,DNMT3L__Myodes_glareolus,0.0311010778,DNMT3A__Alligator_mississippiensis__XP_059583600_1,2.0558479298,True,66.10214420929168
DNMT3L__Crocuta_crocuta,DNMT3L__Hyaena_hyaena,0.026874840799999997,DNMT3A__Alligator_mississippiensis__XP_059583600_1,1.7928125151999998,True,66.70969806079745
DNMT3L__Pteropus_vampyrus,DNMT3L__Pteropus_alecto,0.0281430867,DNMT3A__Alligator_mississippiensis__XP_059583600_1,1.930406356,True,68.59255974931847
DNMT3L__Neogale_vison,DNMT3L__Mustela_erminea,0.0253942513,DNMT3A__Alligator_mississippiensis__XP_059583600_1,1.7562344457,True,69.15874088794263
DNMT3L__Mustela_erminea,DNMT3L__Neogale_vison,0.0253942513,DNMT3A__Alligator_mississippiensis__XP_059583600_1,1.7641151196,True,69.46907387657458
DNMT3L__Pteropus_alecto,DNMT3L__Pteropus_vampyrus,0.0281430867,DNMT3A__Alligator_mississippiensis__XP_059583600_1,1.9585449059,True,69.59239854454202
DNMT3L__Miniopterus_schreibersii,DNMT3L__Miniopterus_natalensis,0.024211509899999997,DNMT3A__Alligator_mississippiensis__XP_059583600_1,1.7613281161,True,72.74755367900455
DNMT3L__Canis_lupus_baileyi,DNMT3L__Vulpes_vulpes,0.025290842299999998,DNMT3A__Alligator_mississippiensis__XP_059583600_1,1.8432101502,True,72.88053629593824
DNMT3L__Miniopterus_natalensis,DNMT3L__Miniopterus_schreibersii,0.024211509899999997,DNMT3A__Alligator_mississippiensis__XP_059583600_1,1.7673230312,True,72.99515967816613
DNMT3L__Leptonychotes_weddellii,DNMT3L__Phoca_vitulina,0.0215909843,DNMT3A__Alligator_mississippiensis__XP_059583600_1,1.7268191381,True,79.97871306404497
DNMT3L__Odocoileus_virginianus,DNMT3L__Muntiacus_reevesi,0.021356933800000002,DNMT3A__Alligator_mississippiensis__XP_059583600_1,1.7092965413,True,80.03473519686614
DNMT3L__Mauremys_reevesii,DNMT3L__Mauremys_mutica,0.0195731161,DNMT3A__Alligator_mississippiensis__XP_059583600_1,1.6267030735,True,83.1090494323487
DNMT3L__Mauremys_mutica,DNMT3L__Mauremys_reevesii,0.0195731161,DNMT3A__Alligator_mississippiensis__XP_059583600_1,1.6318389234000001,True,83.37144249606736
DNMT3L__Marmota_monax,DNMT3L__Marmota_flaviventris,0.021224268,DNMT3A__Alligator_mississippiensis__XP_059583600_1,1.8224699438,True,85.86726966508338
DNMT3L__Budorcas_taxicolor,DNMT3L__Ovis_aries,0.019668531,DNMT3A__Alligator_mississippiensis__XP_059583600_1,1.6964016342000001,True,86.24953405010268
DNMT3L__Onychomys_torridus,DNMT3L__Peromyscus_eremicus,0.0236551131,DNMT3A__Alligator_mississippiensis__XP_059583600_1,2.0405413097,True,86.26216670678274
DNMT3L__Marmota_flaviventris,DNMT3L__Marmota_monax,0.021224268,DNMT3A__Alligator_mississippiensis__XP_059583600_1,1.8332699724000001,True,86.3761224839415
DNMT3L__Oryx_dammah,DNMT3L__Ovis_aries,0.0184312497,DNMT3A__Alligator_mississippiensis__XP_059583600_1,1.6846859505,True,91.4037831357686
DNMT3L__Odobenus_rosmarus_divergens,DNMT3L__Callorhinus_ursinus,0.018724448400000003,DNMT3A__Alligator_mississippiensis__XP_059583600_1,1.7178422428,True,91.74327628257394
DNMT3L__Lagenorhynchus_albirostris,DNMT3L__Grampus_griseus,0.018896318199999998,DNMT3A__Alligator_mississippiensis__XP_059583600_1,1.7415150039,True,92.16160447065292
DNMT3L__Leucopleurus_acutus,DNMT3L__Grampus_griseus,0.0186368566,DNMT3A__Alligator_mississippiensis__XP_059583600_1,1.7511368023,True,93.96095274457389
DNMT3L__Neofelis_nebulosa,DNMT3L__Herpailurus_yagouaroundi,0.018637933599999996,DNMT3A__Alligator_mississippiensis__XP_059583600_1,1.7704723274,True,94.99295176156225
DNMT3L__Podarcis_melisellensis,DNMT3L__Podarcis_cretensis,0.0193568517,DNMT3A__Alligator_mississippiensis__XP_059583600_1,1.8655839684000002,True,96.37848123824807
DNMT3L__Colobus_angolensis_palliatus,DNMT3L__Rhinopithecus_roxellana,0.0180503916,DNMT3A__Alligator_mississippiensis__XP_059583600_1,1.7762249585,True,98.40367997888755
DNMT3L__Piliocolobus_tephrosceles,DNMT3L__Rhinopithecus_roxellana,0.0180044649,DNMT3A__Alligator_mississippiensis__XP_059583600_1,1.7761790318000001,True,98.65214221390163
DNMT3L__Rhinolophus_ferrumequinum,DNMT3L__Rhinolophus_sinicus,0.0172227176,DNMT3A__Alligator_mississippiensis__XP_059583600_1,1.7600725475,True,102.1948213039271
DNMT3L__Rhinolophus_sinicus,DNMT3L__Rhinolophus_ferrumequinum,0.0172227176,DNMT3A__Alligator_mississippiensis__XP_059583600_1,1.7657562898999999,True,102.52483556369756
DNMT3L__Ceratotherium_simum_simum,DNMT3L__Diceros_bicornis_minor,0.0156024657,DNMT3A__Alligator_mississippiensis__XP_059583600_1,1.6311359691,True,104.5434741189657
DNMT3L__Diceros_bicornis_minor,DNMT3L__Ceratotherium_simum_simum,0.0156024657,DNMT3A__Alligator_mississippiensis__XP_059583600_1,1.6396429578,True,105.08870772906106
DNMT3L__Trachemys_scripta_elegans,DNMT3L__Malaclemys_terrapin_pileata,0.015438371400000001,DNMT3A__Alligator_mississippiensis__XP_059583600_1,1.6482980630000001,True,106.76631752750812
DNMT3L__Malaclemys_terrapin_pileata,DNMT3L__Trachemys_scripta_elegans,0.015438371400000001,DNMT3A__Alligator_mississippiensis__XP_059583600_1,1.6521092510000002,True,107.01318216764756
DNMT3L__Chlorocebus_sabaeus,DNMT3L__Mandrillus_leucophaeus,0.015586549099999998,DNMT3A__Alligator_mississippiensis__XP_059583600_1,1.7737510183,True,113.80011103933201
DNMT3L__Canis_lupus_dingo,DNMT3L__Canis_lupus_familiaris,0.0169012195,DNMT3A__Alligator_mississippiensis__XP_059583600_1,1.949888515,True,115.3696935892703
DNMT3L__Chionomys_nivalis,DNMT3L__Microtus_pennsylvanicus,0.0178076833,DNMT3A__Alligator_mississippiensis__XP_059583600_1,2.0660213632,True,116.01853696488415
DNMT3L__Podarcis_muralis,DNMT3L__Podarcis_bocagei,0.015195750099999999,DNMT3A__Alligator_mississippiensis__XP_059583600_1,1.8752133172,True,123.4038007245197
DNMT3L__Protobothrops_mucrosquamatus,DNMT3L__Crotalus_tigris,0.0156392397,DNMT3A__Alligator_mississippiensis__XP_059583600_1,1.9351440603,True,123.73645378042258
DNMT3L__Crotalus_tigris,DNMT3L__Protobothrops_mucrosquamatus,0.0156392397,DNMT3A__Alligator_mississippiensis__XP_059583600_1,1.9403874478,True,124.07172503405008
DNMT3L__Vicugna_pacos,DNMT3L__Camelus_dromedarius,0.0130375371,DNMT3A__Alligator_mississippiensis__XP_059583600_1,1.6618523250000001,True,127.46673794700075
DNMT3L__Bubalus_kerabau,DNMT3L__Bubalus_bubalis,0.0130682846,DNMT3A__Alligator_mississippiensis__XP_059583600_1,1.6871889657,True,129.10561847574087
DNMT3L__Balaenoptera_musculus,DNMT3L__Balaenoptera_acutorostrata,0.013241587499999999,DNMT3A__Alligator_mississippiensis__XP_059583600_1,1.7150755114,True,129.52189542228228
DNMT3L__Bubalus_bubalis,DNMT3L__Bubalus_kerabau,0.0130682846,DNMT3A__Alligator_mississippiensis__XP_059583600_1,1.6950358493000002,True,129.7060709329823
DNMT3L__Eubalaena_glacialis,DNMT3L__Balaenoptera_borealis,0.0130894465,DNMT3A__Alligator_mississippiensis__XP_059583600_1,1.701921795,True,130.02244174343048
DNMT3L__Pseudorca_crassidens,DNMT3L__Globicephala_melas,0.0133950433,DNMT3A__Alligator_mississippiensis__XP_059583600_1,1.7537786774000002,True,130.92743622560744
DNMT3L__Balaenoptera_physalus,DNMT3L__Balaenoptera_acutorostrata,0.012956986200000001,DNMT3A__Alligator_mississippiensis__XP_059583600_1,1.7096174505000001,True,131.94561019907545
DNMT3L__Stenella_coeruleoalba,DNMT3L__Globicephala_melas,0.0131821214,DNMT3A__Alligator_mississippiensis__XP_059583600_1,1.7535657555000002,True,133.0260663128167
DNMT3L__Lynx_canadensis,DNMT3L__Lynx_rufus,0.013277714099999999,DNMT3A__Alligator_mississippiensis__XP_059583600_1,1.7733103501,True,133.55539490792322
DNMT3L__Leopardus_geoffroyi,DNMT3L__Herpailurus_yagouaroundi,0.0131652594,DNMT3A__Alligator_mississippiensis__XP_059583600_1,1.7598450292,True,133.6734032904813
DNMT3L__Lynx_rufus,DNMT3L__Lynx_canadensis,0.013277714099999999,DNMT3A__Alligator_mississippiensis__XP_059583600_1,1.7813099396,True,134.1578773412511
DNMT3L__Prionailurus_viverrinus,DNMT3L__Herpailurus_yagouaroundi,0.0131555345,DNMT3A__Alligator_mississippiensis__XP_059583600_1,1.7649899283,True,134.16330049531624
DNMT3L__Macaca_fascicularis,DNMT3L__Macaca_thibetana_thibetana,0.013208158099999999,DNMT3A__Alligator_mississippiensis__XP_059583600_1,1.7739861816,True,134.30988394967804
DNMT3L__Trachypithecus_francoisi,DNMT3L__Rhinopithecus_roxellana,0.0129016343,DNMT3A__Alligator_mississippiensis__XP_059583600_1,1.7762102328,True,137.6732739045316
DNMT3L__Chelonoidis_abingdonii,DNMT3L__Gopherus_evgoodei,0.011487455899999999,DNMT3A__Alligator_mississippiensis__XP_059583600_1,1.6111338932000001,True,140.25158461761757
DNMT3L__Muntiacus_reevesi,DNMT3L__Cervus_elaphus,0.0111258575,DNMT3A__Alligator_mississippiensis__XP_059583600_1,1.6879416075,True,151.71339445071987
DNMT3L__Dama_dama,DNMT3L__Cervus_canadensis,0.0111079423,DNMT3A__Alligator_mississippiensis__XP_059583600_1,1.7101678779,True,153.9590170449481
DNMT3L__Lepidochelys_kempii,DNMT3L__Eretmochelys_imbricata,0.0103438681,DNMT3A__Alligator_mississippiensis__XP_059583600_1,1.5995894713,True,154.64132526013165
DNMT3L__Caretta_caretta,DNMT3L__Lepidochelys_kempii,0.0103480641,DNMT3A__Alligator_mississippiensis__XP_059583600_1,1.6047855038,True,155.08074633979123
DNMT3L__Eretmochelys_imbricata,DNMT3L__Lepidochelys_kempii,0.0103438681,DNMT3A__Alligator_mississippiensis__XP_059583600_1,1.6047813078000002,True,155.1432493420909
DNMT3L__Equus_asinus,DNMT3L__Equus_caballus,0.0104339991,DNMT3A__Alligator_mississippiensis__XP_059583600_1,1.6263103415,True,155.86644448723402
DNMT3L__Orcinus_orca,DNMT3L__Globicephala_melas,0.011060668400000001,DNMT3A__Alligator_mississippiensis__XP_059583600_1,1.7514423025,True,158.34868555502487
DNMT3L__Neomonachus_schauinslandi,DNMT3L__Mirounga_angustirostris,0.0106613039,DNMT3A__Alligator_mississippiensis__XP_059583600_1,1.722892619,True,161.60243016803977
DNMT3L__Alexandromys_fortis,DNMT3L__Microtus_ochrogaster,0.0128384359,DNMT3A__Alligator_mississippiensis__XP_059583600_1,2.0819566739,True,162.16591258597163
DNMT3L__Eschrichtius_robustus,DNMT3L__Balaenoptera_borealis,0.0104227825,DNMT3A__Alligator_mississippiensis__XP_059583600_1,1.7045337386000001,True,163.5392217577216
DNMT3L__Mesoplodon_densirostris,DNMT3L__Mesoplodon_mirus,0.010423064,DNMT3A__Alligator_mississippiensis__XP_059583600_1,1.7207290382,True,165.08859949435217
DNMT3L__Notechis_scutatus,DNMT3L__Pseudonaja_textilis,0.011673200500000001,DNMT3A__Alligator_mississippiensis__XP_059583600_1,1.9284177877,True,165.20043390842125
DNMT3L__Neophocaena_asiaeorientalis_asiaeorientalis,DNMT3L__Phocoena_phocoena,0.0104594999,DNMT3A__Alligator_mississippiensis__XP_059583600_1,1.7359230903,True,165.96616538999154
DNMT3L__Pseudonaja_textilis,DNMT3L__Notechis_scutatus,0.011673200500000001,DNMT3A__Alligator_mississippiensis__XP_059583600_1,1.9400864588000002,True,166.20004589144168
DNMT3L__Macaca_nemestrina,DNMT3L__Macaca_thibetana_thibetana,0.0102783654,DNMT3A__Alligator_mississippiensis__XP_059583600_1,1.7658886377,True,171.80636890959337
DNMT3L__Macaca_thibetana_thibetana,DNMT3L__Macaca_nemestrina,0.0102783654,DNMT3A__Alligator_mississippiensis__XP_059583600_1,1.7670717591,True,171.92147684300076
DNMT3L__Myotis_daubentonii,DNMT3L__Myotis_nattereri,0.0104020988,DNMT3A__Alligator_mississippiensis__XP_059583600_1,1.827787203,True,175.71330922178896
DNMT3L__Microtus_oregoni,DNMT3L__Microtus_ochrogaster,0.0108802689,DNMT3A__Alligator_mississippiensis__XP_059583600_1,2.0800005069000003,True,191.17179235340407
DNMT3L__Mustela_lutreola,DNMT3L__Mustela_nigripes,0.009264054800000001,DNMT3A__Alligator_mississippiensis__XP_059583600_1,1.788608296,True,193.06970161705001
DNMT3L__Rattus_rattus,DNMT3L__Rattus_norvegicus,0.0101638515,DNMT3A__Alligator_mississippiensis__XP_059583600_1,2.0081344106000003,True,197.57612658941352
DNMT3L__Rattus_norvegicus,DNMT3L__Rattus_rattus,0.0101638515,DNMT3A__Alligator_mississippiensis__XP_059583600_1,2.0132243331,True,198.07691337284888
DNMT3L__Manis_javanica,DNMT3L__Manis_pentadactyla,0.0080878054,DNMT3A__Alligator_mississippiensis__XP_059583600_1,1.6995993882000002,True,210.14345723501214
DNMT3L__Manis_pentadactyla,DNMT3L__Manis_javanica,0.0080878054,DNMT3A__Alligator_mississippiensis__XP_059583600_1,1.7044310208000002,True,210.74085447209205
DNMT3L__Gopherus_evgoodei,DNMT3L__Gopherus_flavomarginatus,0.0075982065,DNMT3A__Alligator_mississippiensis__XP_059583600_1,1.6150342001000002,True,212.5546601161735
DNMT3L__Gopherus_flavomarginatus,DNMT3L__Gopherus_evgoodei,0.0075982065,DNMT3A__Alligator_mississippiensis__XP_059583600_1,1.6226304066000001,True,213.55439689616227
DNMT3L__Camelus_dromedarius,DNMT3L__Camelus_bactrianus,0.007801908099999999,DNMT3A__Alligator_mississippiensis__XP_059583600_1,1.6697129213000002,True,214.013405425783
DNMT3L__Bos_indicus,DNMT3L__Bos_indicus_x_Bos_taurus,0.0078211515,DNMT3A__Alligator_mississippiensis__XP_059583600_1,1.6898010684,True,216.055278867824
DNMT3L__Bos_mutus,DNMT3L__Bos_indicus,0.0078318806,DNMT3A__Alligator_mississippiensis__XP_059583600_1,1.6924195722000002,True,216.09363812313484
DNMT3L__Bos_indicus_x_Bos_taurus,DNMT3L__Bos_indicus,0.0078211515,DNMT3A__Alligator_mississippiensis__XP_059583600_1,1.6924108431,True,216.38896051303954
DNMT3L__Saccopteryx_leptura,DNMT3L__Saccopteryx_bilineata,0.007817431599999999,DNMT3A__Alligator_mississippiensis__XP_059583600_1,1.7106825579,True,218.82923259603578
DNMT3L__Mesoplodon_bidens,DNMT3L__Mesoplodon_mirus,0.0078450167,DNMT3A__Alligator_mississippiensis__XP_059583600_1,1.7236345261000001,True,219.7107529548025
DNMT3L__Saccopteryx_bilineata,DNMT3L__Saccopteryx_leptura,0.007817431599999999,DNMT3A__Alligator_mississippiensis__XP_059583600_1,1.7184979894999999,True,219.8289767575325
DNMT3L__Balaenoptera_acutorostrata,DNMT3L__Balaenoptera_borealis,0.0077229678,DNMT3A__Alligator_mississippiensis__XP_059583600_1,1.7018359239,True,220.36035472011162
DNMT3L__Phocoena_phocoena,DNMT3L__Phocoena_sinus,0.0078211125,DNMT3A__Alligator_mississippiensis__XP_059583600_1,1.7358541372,True,221.9446577708734
DNMT3L__Phocoena_sinus,DNMT3L__Phocoena_phocoena,0.0078211125,DNMT3A__Alligator_mississippiensis__XP_059583600_1,1.7384632331,True,222.27825428927153
DNMT3L__Panthera_onca,DNMT3L__Panthera_leo,0.0079252424,DNMT3A__Alligator_mississippiensis__XP_059583600_1,1.7702808009000002,True,223.37244863324312
DNMT3L__Podarcis_cretensis,DNMT3L__Podarcis_erhardii,0.008255382700000001,DNMT3A__Alligator_mississippiensis__XP_059583600_1,1.8627515997000001,True,225.64085365782012
DNMT3L__Podarcis_pityusensis,DNMT3L__Podarcis_cretensis,0.0082603847,DNMT3A__Alligator_mississippiensis__XP_059583600_1,1.8655205494000002,True,225.83942723636108
DNMT3L__Herpailurus_yagouaroundi,DNMT3L__Prionailurus_bengalensis,0.0077795163999999995,DNMT3A__Alligator_mississippiensis__XP_059583600_1,1.7570091592000001,True,225.85069159311757
DNMT3L__Podarcis_erhardii,DNMT3L__Podarcis_cretensis,0.008255382700000001,DNMT3A__Alligator_mississippiensis__XP_059583600_1,1.8655155474000003,True,225.97565917810206
DNMT3L__Prionailurus_bengalensis,DNMT3L__Herpailurus_yagouaroundi,0.0077795163999999995,DNMT3A__Alligator_mississippiensis__XP_059583600_1,1.759609126,True,226.18489833121248
DNMT3L__Vulpes_vulpes,DNMT3L__Vulpes_lagopus,0.0081137447,DNMT3A__Alligator_mississippiensis__XP_059583600_1,1.8384818177,True,226.58857108235117
DNMT3L__Vulpes_lagopus,DNMT3L__Vulpes_vulpes,0.0081137447,DNMT3A__Alligator_mississippiensis__XP_059583600_1,1.841174105,True,226.92038917615932
DNMT3L__Theropithecus_gelada,DNMT3L__Papio_anubis,0.00767916,DNMT3A__Alligator_mississippiensis__XP_059583600_1,1.7558657208000001,True,228.65335802353385
DNMT3L__Papio_anubis,DNMT3L__Theropithecus_gelada,0.00767916,DNMT3A__Alligator_mississippiensis__XP_059583600_1,1.7635428808,True,229.65309757838097
DNMT3L__Felis_catus,DNMT3L__Acinonyx_jubatus,0.0080593407,DNMT3A__Alligator_mississippiensis__XP_059583600_1,1.8632500901,True,231.1913789796726
DNMT3L__Acinonyx_jubatus,DNMT3L__Felis_catus,0.0080593407,DNMT3A__Alligator_mississippiensis__XP_059583600_1,1.8713048829999999,True,232.1908146903381
DNMT3L__Cebus_imitator,DNMT3L__Sapajus_apella,0.007526867,DNMT3A__Alligator_mississippiensis__XP_059583600_1,1.8121238283,True,240.75406517745034
DNMT3L__Sapajus_apella,DNMT3L__Cebus_imitator,0.007526867,DNMT3A__Alligator_mississippiensis__XP_059583600_1,1.8146378691,True,241.08807410839066
DNMT3L__Microtus_pennsylvanicus,DNMT3L__Microtus_ochrogaster,0.008202381299999999,DNMT3A__Alligator_mississippiensis__XP_059583600_1,2.0736501517,True,252.8107479836374
DNMT3L__Microtus_ochrogaster,DNMT3L__Microtus_pennsylvanicus,0.008202381299999999,DNMT3A__Alligator_mississippiensis__XP_059583600_1,2.0767953222,True,253.1941940080255
DNMT3L__Canis_lupus_familiaris,DNMT3L__Canis_aureus,0.006465432300000001,DNMT3A__Alligator_mississippiensis__XP_059583600_1,1.9389954015,True,299.9018954231413
DNMT3L__Canis_aureus,DNMT3L__Canis_lupus_familiaris,0.006465432300000001,DNMT3A__Alligator_mississippiensis__XP_059583600_1,1.9394527278,True,299.97262948681714
DNMT3L__Natator_depressus,DNMT3L__Chelonia_mydas,0.0051611338,DNMT3A__Alligator_mississippiensis__XP_059583600_1,1.5968432399,True,309.3977606044625
DNMT3L__Chelonia_mydas,DNMT3L__Natator_depressus,0.0051611338,DNMT3A__Alligator_mississippiensis__XP_059583600_1,1.5968487271,True,309.3988237817047
DNMT3L__Capricornis_sumatraensis,DNMT3L__Ovis_aries,0.005237973700000001,DNMT3A__Alligator_mississippiensis__XP_059583600_1,1.6871972253,True,322.10876226812667
DNMT3L__Callorhinus_ursinus,DNMT3L__Eumetopias_jubatus,0.0052117845,DNMT3A__Alligator_mississippiensis__XP_059583600_1,1.7095671996,True,328.01954869776364
DNMT3L__Phoca_vitulina,DNMT3L__Mirounga_angustirostris,0.0052172005,DNMT3A__Alligator_mississippiensis__XP_059583600_1,1.71221466,True,328.18647855300947
DNMT3L__Mirounga_angustirostris,DNMT3L__Phoca_vitulina,0.0052172005,DNMT3A__Alligator_mississippiensis__XP_059583600_1,1.7174298605,True,329.1860952056568
DNMT3L__Podarcis_bocagei,DNMT3L__Podarcis_vaucheri,0.0055041188,DNMT3A__Alligator_mississippiensis__XP_059583600_1,1.8654906115,True,338.92629852030086
DNMT3L__Podarcis_vaucheri,DNMT3L__Podarcis_bocagei,0.0055041188,DNMT3A__Alligator_mississippiensis__XP_059583600_1,1.8709927303000002,True,339.9259351560508
DNMT3L__Mandrillus_leucophaeus,DNMT3L__Rhinopithecus_roxellana,0.0051461293,DNMT3A__Alligator_mississippiensis__XP_059583600_1,1.7581664692,True,341.648327646956
DNMT3L__Myotis_nattereri,DNMT3L__Myotis_myotis,0.0051875141,DNMT3A__Alligator_mississippiensis__XP_059583600_1,1.8225458032,True,351.33317578838
DNMT3L__Myotis_myotis,DNMT3L__Myotis_nattereri,0.0051875141,DNMT3A__Alligator_mississippiensis__XP_059583600_1,1.8277313173,True,352.33279024725925
DNMT3L__Pan_troglodytes,DNMT3L__Pan_paniscus,0.0050107877999999995,DNMT3A__Alligator_mississippiensis__XP_059583600_1,1.7819589981000001,True,355.6245183841152
DNMT3L__Pan_paniscus,DNMT3L__Pan_troglodytes,0.0050107877999999995,DNMT3A__Alligator_mississippiensis__XP_059583600_1,1.7820099839,True,355.63469359049697
DNMT3L__Nomascus_leucogenys,DNMT3L__Hylobates_moloch,0.0050195311,DNMT3A__Alligator_mississippiensis__XP_059583600_1,1.7875594675,True,356.12080728018594
DNMT3L__Peromyscus_eremicus,DNMT3L__Peromyscus_californicus_insignis,0.005189438,DNMT3A__Alligator_mississippiensis__XP_059583600_1,2.0361250372,True,392.3594495588925
DNMT3L__Peromyscus_californicus_insignis,DNMT3L__Peromyscus_eremicus,0.005189438,DNMT3A__Alligator_mississippiensis__XP_059583600_1,2.0413124752000003,True,393.3590641607049
DNMT3L__Ovis_aries,DNMT3L__Ovis_canadensis,0.0033705673,DNMT3A__Alligator_mississippiensis__XP_059583600_1,1.6819632516,True,499.0148844083309
DNMT3L__Ovis_canadensis,DNMT3L__Ovis_aries,0.0033705673,DNMT3A__Alligator_mississippiensis__XP_059583600_1,1.6853318189000002,True,500.01429103640805
DNMT3L__Balaenoptera_borealis,DNMT3L__Balaenoptera_ricei,0.0026132504000000003,DNMT3A__Alligator_mississippiensis__XP_059583600_1,1.6992228927000002,True,650.2334765547151
DNMT3L__Bison_bison_bison,DNMT3L__Bos_javanicus,0.0026149651,DNMT3A__Alligator_mississippiensis__XP_059583600_1,1.7003842204000001,True,650.2512100065887
DNMT3L__Balaenoptera_ricei,DNMT3L__Balaenoptera_borealis,0.0026132504000000003,DNMT3A__Alligator_mississippiensis__XP_059583600_1,1.7018341431000001,True,651.2327112243051
DNMT3L__Grampus_griseus,DNMT3L__Globicephala_melas,0.00263606,DNMT3A__Alligator_mississippiensis__XP_059583600_1,1.7377515741,True,659.2230731091098
DNMT3L__Mesoplodon_mirus,DNMT3L__Hyperoodon_ampullatus,0.0026070724000000003,DNMT3A__Alligator_mississippiensis__XP_059583600_1,1.7210134504,True,660.1325879557468
DNMT3L__Globicephala_melas,DNMT3L__Grampus_griseus,0.00263606,DNMT3A__Alligator_mississippiensis__XP_059583600_1,1.7403856341000001,True,660.2223144010379
DNMT3L__Hyperoodon_ampullatus,DNMT3L__Mesoplodon_mirus,0.0026070724000000003,DNMT3A__Alligator_mississippiensis__XP_059583600_1,1.7236185228,True,661.1318208117273
DNMT3L__Tursiops_truncatus,DNMT3L__Delphinus_delphis,0.0026350923,DNMT3A__Alligator_mississippiensis__XP_059583600_1,1.7456742200000002,True,662.471754784453
DNMT3L__Delphinus_delphis,DNMT3L__Tursiops_truncatus,0.0026350923,DNMT3A__Alligator_mississippiensis__XP_059583600_1,1.7483073123000001,True,663.4709957977564
DNMT3L__Panthera_uncia,DNMT3L__Panthera_leo,0.0026469388,DNMT3A__Alligator_mississippiensis__XP_059583600_1,1.7650024973,True,666.808955802076
DNMT3L__Panthera_tigris,DNMT3L__Panthera_leo,0.0026419474,DNMT3A__Alligator_mississippiensis__XP_059583600_1,1.7649955059000002,True,668.0661037763281
DNMT3L__Mustela_nigripes,DNMT3L__Mustela_putorius_furo,0.0026503708000000003,DNMT3A__Alligator_mississippiensis__XP_059583600_1,1.7846545344,True,673.3603216576337
DNMT3L__Mustela_putorius_furo,DNMT3L__Mustela_nigripes,0.0026503708000000003,DNMT3A__Alligator_mississippiensis__XP_059583600_1,1.7873029052,True,674.3595670462412
DNMT3L__Rhinopithecus_roxellana,DNMT3L__Rhinopithecus_bieti,0.002548845,DNMT3A__Alligator_mississippiensis__XP_059583600_1,1.7633105985,True,691.8077005467181
DNMT3L__Rhinopithecus_bieti,DNMT3L__Rhinopithecus_roxellana,0.002548845,DNMT3A__Alligator_mississippiensis__XP_059583600_1,1.7658574435,True,692.8069158775837
DNMT3L__Homo_sapiens,DNMT3L__Gorilla_gorilla_gorilla,0.0025089154999999998,DNMT3A__Alligator_mississippiensis__XP_059583600_1,1.7744248781,True,707.2477642630851
DNMT3L__Gorilla_gorilla_gorilla,DNMT3L__Homo_sapiens,0.0025089154999999998,DNMT3A__Alligator_mississippiensis__XP_059583600_1,1.7769297936000001,True,708.246169948729
DNMT3L__Peromyscus_leucopus,DNMT3L__Peromyscus_maniculatus_bairdii,0.0025801457,DNMT3A__Alligator_mississippiensis__XP_059583600_1,2.0409009097,True,791.0021940621415
DNMT3L__Peromyscus_maniculatus_bairdii,DNMT3L__Peromyscus_leucopus,0.0025801457,DNMT3A__Alligator_mississippiensis__XP_059583600_1,2.0434790554,True,792.0014189121181
DNMT3L__Cervus_elaphus,DNMT3L__Cervus_canadensis,3e-06,DNMT3A__Alligator_mississippiensis__XP_059583600_1,1.6990609356000002,True,566353.6452
DNMT3L__Cervus_canadensis,DNMT3L__Cervus_elaphus,3e-06,DNMT3A__Alligator_mississippiensis__XP_059583600_1,1.6990619356,True,566353.9785333334
DNMT3L__Equus_caballus,DNMT3L__Equus_przewalskii,2e-06,DNMT3A__Alligator_mississippiensis__XP_059583600_1,1.6262588222,True,813129.4111
DNMT3L__Equus_przewalskii,DNMT3L__Equus_caballus,2e-06,DNMT3A__Alligator_mississippiensis__XP_059583600_1,1.6262588222,True,813129.4111
DNMT3L__Camelus_bactrianus,DNMT3L__Camelus_ferus,2e-06,DNMT3A__Alligator_mississippiensis__XP_059583600_1,1.6722949128000002,True,836147.4564000001
DNMT3L__Camelus_ferus,DNMT3L__Camelus_bactrianus,2e-06,DNMT3A__Alligator_mississippiensis__XP_059583600_1,1.6722949128000002,True,836147.4564000001
DNMT3L__Elephas_maximus_indicus,DNMT3L__Loxodonta_africana,2e-06,DNMT3A__Alligator_mississippiensis__XP_059583600_1,1.6976308987,True,848815.44935
DNMT3L__Loxodonta_africana,DNMT3L__Elephas_maximus_indicus,2e-06,DNMT3A__Alligator_mississippiensis__XP_059583600_1,1.6976308987,True,848815.44935
DNMT3L__Bos_javanicus,DNMT3L__Bos_taurus,2e-06,DNMT3A__Alligator_mississippiensis__XP_059583600_1,1.6977732553,True,848886.62765
DNMT3L__Bos_taurus,DNMT3L__Bos_javanicus,2e-06,DNMT3A__Alligator_mississippiensis__XP_059583600_1,1.6977732553,True,848886.62765
DNMT3L__Eumetopias_jubatus,DNMT3L__Zalophus_californianus,2e-06,DNMT3A__Alligator_mississippiensis__XP_059583600_1,1.7147769841,True,857388.49205
DNMT3L__Zalophus_californianus,DNMT3L__Eumetopias_jubatus,2e-06,DNMT3A__Alligator_mississippiensis__XP_059583600_1,1.7147769841,True,857388.49205
DNMT3L__Panthera_leo,DNMT3L__Panthera_pardus,2e-06,DNMT3A__Alligator_mississippiensis__XP_059583600_1,1.7623595585,True,881179.77925
DNMT3L__Panthera_pardus,DNMT3L__Panthera_leo,2e-06,DNMT3A__Alligator_mississippiensis__XP_059583600_1,1.7623595585,True,881179.77925
DNMT3L__Hylobates_moloch,DNMT3L__Symphalangus_syndactylus,2e-06,DNMT3A__Alligator_mississippiensis__XP_059583600_1,1.7825439364,True,891271.9682
DNMT3L__Symphalangus_syndactylus,DNMT3L__Hylobates_moloch,2e-06,DNMT3A__Alligator_mississippiensis__XP_059583600_1,1.7825439364,True,891271.9682
DNMT3L__Pongo_abelii,DNMT3L__Pongo_pygmaeus,2e-06,DNMT3A__Alligator_mississippiensis__XP_059583600_1,1.7870369564000002,True,893518.4782000001
DNMT3L__Pongo_pygmaeus,DNMT3L__Pongo_abelii,2e-06,DNMT3A__Alligator_mississippiensis__XP_059583600_1,1.7870369564000002,True,893518.4782000001
