Tip,Group,Reference_Columns,NonGap_Unambiguous,Reference_Column_Coverage
DNMT3L__Acinonyx_jubatus,DNMT3L,387,374,0.9664082687338501
DNMT3L__Acomys_russatus,DNMT3L,387,376,0.9715762273901809
DNMT3L__Ahaetulla_prasina,DNMT3L,387,373,0.9638242894056848
DNMT3L__Ailuropoda_melanoleuca,DNMT3L,387,357,0.9224806201550387
DNMT3L__Alexandromys_fortis,DNMT3L,387,309,0.7984496124031008
DNMT3L__Alligator_mississippiensis,DNMT3L,387,324,0.8372093023255814
DNMT3L__Alligator_sinensis,DNMT3L,387,369,0.9534883720930233
DNMT3L__Ambystoma_mexicanum,DNMT3L,387,330,0.8527131782945736
DNMT3L__Anolis_carolinensis,DNMT3L,387,317,0.8191214470284238
DNMT3L__Anolis_sagrei,DNMT3L,387,317,0.8191214470284238
DNMT3L__Antechinus_flavipes,DNMT3L,387,376,0.9715762273901809
DNMT3L__Aotus_nancymaae,DNMT3L,387,385,0.9948320413436692
DNMT3L__Apodemus_sylvaticus,DNMT3L,387,380,0.9819121447028424
DNMT3L__Artibeus_jamaicensis,DNMT3L,387,386,0.9974160206718347
DNMT3L__Arvicanthis_niloticus,DNMT3L,387,383,0.9896640826873385
DNMT3L__Arvicola_amphibius,DNMT3L,387,381,0.9844961240310077
DNMT3L__Ascaphus_truei,DNMT3L,387,165,0.4263565891472868
DNMT3L__Balaenoptera_acutorostrata,DNMT3L,387,383,0.9896640826873385
DNMT3L__Balaenoptera_borealis,DNMT3L,387,386,0.9974160206718347
DNMT3L__Balaenoptera_musculus,DNMT3L,387,383,0.9896640826873385
DNMT3L__Balaenoptera_physalus,DNMT3L,387,386,0.9974160206718347
DNMT3L__Balaenoptera_ricei,DNMT3L,387,383,0.9896640826873385
DNMT3L__Bison_bison_bison,DNMT3L,387,386,0.9974160206718347
DNMT3L__Bos_indicus,DNMT3L,387,386,0.9974160206718347
DNMT3L__Bos_indicus_x_Bos_taurus,DNMT3L,387,386,0.9974160206718347
DNMT3L__Bos_javanicus,DNMT3L,387,386,0.9974160206718347
DNMT3L__Bos_mutus,DNMT3L,387,386,0.9974160206718347
DNMT3L__Bos_taurus,DNMT3L,387,386,0.9974160206718347
DNMT3L__Bubalus_bubalis,DNMT3L,387,386,0.9974160206718347
DNMT3L__Bubalus_kerabau,DNMT3L,387,384,0.9922480620155039
DNMT3L__Budorcas_taxicolor,DNMT3L,387,315,0.813953488372093
DNMT3L__Callithrix_jacchus,DNMT3L,387,386,0.9974160206718347
DNMT3L__Callorhinus_ursinus,DNMT3L,387,386,0.9974160206718347
DNMT3L__Callospermophilus_lateralis,DNMT3L,387,380,0.9819121447028424
DNMT3L__Camelus_bactrianus,DNMT3L,387,384,0.9922480620155039
DNMT3L__Camelus_dromedarius,DNMT3L,387,384,0.9922480620155039
DNMT3L__Camelus_ferus,DNMT3L,387,384,0.9922480620155039
DNMT3L__Candoia_aspera,DNMT3L,387,330,0.8527131782945736
DNMT3L__Canis_aureus,DNMT3L,387,322,0.8320413436692506
DNMT3L__Canis_lupus_baileyi,DNMT3L,387,335,0.8656330749354005
DNMT3L__Canis_lupus_dingo,DNMT3L,387,322,0.8320413436692506
DNMT3L__Canis_lupus_familiaris,DNMT3L,387,366,0.9457364341085271
DNMT3L__Capra_hircus,DNMT3L,387,376,0.9715762273901809
DNMT3L__Capricornis_sumatraensis,DNMT3L,387,386,0.9974160206718347
DNMT3L__Caretta_caretta,DNMT3L,387,375,0.9689922480620154
DNMT3L__Carlito_syrichta,DNMT3L,387,386,0.9974160206718347
DNMT3L__Castor_canadensis,DNMT3L,387,377,0.9741602067183462
DNMT3L__Cavia_porcellus,DNMT3L,387,361,0.9328165374677002
DNMT3L__Cebus_imitator,DNMT3L,387,386,0.9974160206718347
DNMT3L__Ceratotherium_simum_simum,DNMT3L,387,335,0.8656330749354005
DNMT3L__Cercocebus_atys,DNMT3L,387,375,0.9689922480620154
DNMT3L__Cervus_canadensis,DNMT3L,387,315,0.813953488372093
DNMT3L__Cervus_elaphus,DNMT3L,387,314,0.8113695090439277
DNMT3L__Chelonia_mydas,DNMT3L,387,374,0.9664082687338501
DNMT3L__Chelonoidis_abingdonii,DNMT3L,387,297,0.7674418604651163
DNMT3L__Chinchilla_lanigera,DNMT3L,387,378,0.9767441860465116
DNMT3L__Chionomys_nivalis,DNMT3L,387,381,0.9844961240310077
DNMT3L__Chlorocebus_sabaeus,DNMT3L,387,387,1.0
DNMT3L__Choloepus_didactylus,DNMT3L,387,384,0.9922480620155039
DNMT3L__Chrysochloris_asiatica,DNMT3L,387,321,0.8294573643410853
DNMT3L__Cnephaeus_nilssonii,DNMT3L,387,384,0.9922480620155039
DNMT3L__Colobus_angolensis_palliatus,DNMT3L,387,387,1.0
DNMT3L__Cricetulus_griseus,DNMT3L,387,381,0.9844961240310077
DNMT3L__Crocodylus_porosus,DNMT3L,387,370,0.9560723514211886
DNMT3L__Crocuta_crocuta,DNMT3L,387,385,0.9948320413436692
DNMT3L__Crotalus_tigris,DNMT3L,387,370,0.9560723514211886
DNMT3L__Cynocephalus_volans,DNMT3L,387,383,0.9896640826873385
DNMT3L__Dama_dama,DNMT3L,387,371,0.958656330749354
DNMT3L__Dasypus_novemcinctus,DNMT3L,387,383,0.9896640826873385
DNMT3L__Delphinus_delphis,DNMT3L,387,382,0.9870801033591732
DNMT3L__Dermochelys_coriacea,DNMT3L,387,303,0.7829457364341085
DNMT3L__Desmodus_rotundus,DNMT3L,387,386,0.9974160206718347
DNMT3L__Diceros_bicornis_minor,DNMT3L,387,386,0.9974160206718347
DNMT3L__Dipodomys_merriami,DNMT3L,387,373,0.9638242894056848
DNMT3L__Dipodomys_ordii,DNMT3L,387,377,0.9741602067183462
DNMT3L__Dipodomys_spectabilis,DNMT3L,387,332,0.8578811369509044
DNMT3L__Dromiciops_gliroides,DNMT3L,387,376,0.9715762273901809
DNMT3L__Echinops_telfairi,DNMT3L,387,381,0.9844961240310077
DNMT3L__Elephantulus_edwardii,DNMT3L,387,383,0.9896640826873385
DNMT3L__Elephas_maximus_indicus,DNMT3L,387,380,0.9819121447028424
DNMT3L__Elgaria_multicarinata_webbii,DNMT3L,387,352,0.9095607235142119
DNMT3L__Emydura_macquarii_macquarii,DNMT3L,387,368,0.9509043927648578
DNMT3L__Enhydra_lutris_kenyoni,DNMT3L,387,376,0.9715762273901809
DNMT3L__Eptesicus_fuscus,DNMT3L,387,386,0.9974160206718347
DNMT3L__Equus_asinus,DNMT3L,387,384,0.9922480620155039
DNMT3L__Equus_caballus,DNMT3L,387,384,0.9922480620155039
DNMT3L__Equus_przewalskii,DNMT3L,387,384,0.9922480620155039
DNMT3L__Eretmochelys_imbricata,DNMT3L,387,374,0.9664082687338501
DNMT3L__Erinaceus_europaeus,DNMT3L,387,359,0.9276485788113695
DNMT3L__Erythrolamprus_reginae,DNMT3L,387,361,0.9328165374677002
DNMT3L__Eschrichtius_robustus,DNMT3L,387,383,0.9896640826873385
DNMT3L__Eubalaena_glacialis,DNMT3L,387,383,0.9896640826873385
DNMT3L__Eublepharis_macularius,DNMT3L,387,367,0.9483204134366925
DNMT3L__Eulemur_rufifrons,DNMT3L,387,386,0.9974160206718347
DNMT3L__Euleptes_europaea,DNMT3L,387,341,0.8811369509043928
DNMT3L__Eumetopias_jubatus,DNMT3L,387,386,0.9974160206718347
DNMT3L__Felis_catus,DNMT3L,387,374,0.9664082687338501
DNMT3L__Fukomys_damarensis,DNMT3L,387,368,0.9509043927648578
DNMT3L__Gavialis_gangeticus,DNMT3L,387,336,0.8682170542635659
DNMT3L__Gekko_japonicus,DNMT3L,387,363,0.937984496124031
DNMT3L__Geotrypetes_seraphini,DNMT3L,387,367,0.9483204134366925
DNMT3L__Giraffa_tippelskirchi,DNMT3L,387,386,0.9974160206718347
DNMT3L__Globicephala_melas,DNMT3L,387,382,0.9870801033591732
DNMT3L__Gopherus_evgoodei,DNMT3L,387,297,0.7674418604651163
DNMT3L__Gopherus_flavomarginatus,DNMT3L,387,297,0.7674418604651163
DNMT3L__Gorilla_gorilla_gorilla,DNMT3L,387,387,1.0
DNMT3L__Gracilinanus_agilis,DNMT3L,387,374,0.9664082687338501
DNMT3L__Grammomys_surdaster,DNMT3L,387,380,0.9819121447028424
DNMT3L__Grampus_griseus,DNMT3L,387,382,0.9870801033591732
DNMT3L__Halichoerus_grypus,DNMT3L,387,329,0.8501291989664083
DNMT3L__Hemicordylus_capensis,DNMT3L,387,370,0.9560723514211886
DNMT3L__Herpailurus_yagouaroundi,DNMT3L,387,386,0.9974160206718347
DNMT3L__Heterocephalus_glaber,DNMT3L,387,381,0.9844961240310077
DNMT3L__Heteronotia_binoei,DNMT3L,387,348,0.8992248062015504
DNMT3L__Hippopotamus_amphibius_kiboko,DNMT3L,387,384,0.9922480620155039
DNMT3L__Hipposideros_armiger,DNMT3L,387,385,0.9948320413436692
DNMT3L__Homo_sapiens,DNMT3L,387,387,1.0
DNMT3L__Hyaena_hyaena,DNMT3L,387,386,0.9974160206718347
DNMT3L__Hylobates_moloch,DNMT3L,387,387,1.0
DNMT3L__Hyperoodon_ampullatus,DNMT3L,387,383,0.9896640826873385
DNMT3L__Ictidomys_tridecemlineatus,DNMT3L,387,383,0.9896640826873385
DNMT3L__Jaculus_jaculus,DNMT3L,387,380,0.9819121447028424
DNMT3L__Lacerta_agilis,DNMT3L,387,353,0.9121447028423773
DNMT3L__Lagenorhynchus_albirostris,DNMT3L,387,383,0.9896640826873385
DNMT3L__Lemur_catta,DNMT3L,387,386,0.9974160206718347
DNMT3L__Leopardus_geoffroyi,DNMT3L,387,384,0.9922480620155039
DNMT3L__Lepidochelys_kempii,DNMT3L,387,374,0.9664082687338501
DNMT3L__Leptonychotes_weddellii,DNMT3L,387,262,0.6770025839793282
DNMT3L__Lepus_europaeus,DNMT3L,387,383,0.9896640826873385
DNMT3L__Leucopleurus_acutus,DNMT3L,387,382,0.9870801033591732
DNMT3L__Lipotes_vexillifer,DNMT3L,387,383,0.9896640826873385
DNMT3L__Lissotriton_helveticus,DNMT3L,387,356,0.9198966408268734
DNMT3L__Lontra_canadensis,DNMT3L,387,374,0.9664082687338501
DNMT3L__Loxodonta_africana,DNMT3L,387,380,0.9819121447028424
DNMT3L__Lutra_lutra,DNMT3L,387,370,0.9560723514211886
DNMT3L__Lynx_canadensis,DNMT3L,387,384,0.9922480620155039
DNMT3L__Lynx_rufus,DNMT3L,387,384,0.9922480620155039
DNMT3L__Macaca_fascicularis,DNMT3L,387,387,1.0
DNMT3L__Macaca_mulatta,DNMT3L,387,383,0.9896640826873385
DNMT3L__Macaca_nemestrina,DNMT3L,387,387,1.0
DNMT3L__Macaca_thibetana_thibetana,DNMT3L,387,387,1.0
DNMT3L__Macrotis_lagotis,DNMT3L,387,374,0.9664082687338501
DNMT3L__Malaclemys_terrapin_pileata,DNMT3L,387,362,0.9354005167958657
DNMT3L__Mandrillus_leucophaeus,DNMT3L,387,387,1.0
DNMT3L__Manis_javanica,DNMT3L,387,382,0.9870801033591732
DNMT3L__Manis_pentadactyla,DNMT3L,387,384,0.9922480620155039
DNMT3L__Marmota_flaviventris,DNMT3L,387,379,0.979328165374677
DNMT3L__Marmota_marmota_marmota,DNMT3L,387,229,0.5917312661498708
DNMT3L__Marmota_monax,DNMT3L,387,381,0.9844961240310077
DNMT3L__Martes_martes,DNMT3L,387,381,0.9844961240310077
DNMT3L__Mastomys_coucha,DNMT3L,387,381,0.9844961240310077
DNMT3L__Mauremys_mutica,DNMT3L,387,361,0.9328165374677002
DNMT3L__Mauremys_reevesii,DNMT3L,387,328,0.8475452196382429
DNMT3L__Meles_meles,DNMT3L,387,304,0.7855297157622739
DNMT3L__Meriones_unguiculatus,DNMT3L,387,381,0.9844961240310077
DNMT3L__Mesocricetus_auratus,DNMT3L,387,381,0.9844961240310077
DNMT3L__Mesoplodon_bidens,DNMT3L,387,383,0.9896640826873385
DNMT3L__Mesoplodon_densirostris,DNMT3L,387,383,0.9896640826873385
DNMT3L__Mesoplodon_mirus,DNMT3L,387,383,0.9896640826873385
DNMT3L__Microcaecilia_unicolor,DNMT3L,387,363,0.937984496124031
DNMT3L__Microcebus_murinus,DNMT3L,387,379,0.979328165374677
DNMT3L__Micromys_minutus,DNMT3L,387,376,0.9715762273901809
DNMT3L__Microtus_ochrogaster,DNMT3L,387,381,0.9844961240310077
DNMT3L__Microtus_oregoni,DNMT3L,387,381,0.9844961240310077
DNMT3L__Microtus_pennsylvanicus,DNMT3L,387,381,0.9844961240310077
DNMT3L__Miniopterus_natalensis,DNMT3L,387,381,0.9844961240310077
DNMT3L__Miniopterus_schreibersii,DNMT3L,387,385,0.9948320413436692
DNMT3L__Mirounga_angustirostris,DNMT3L,387,386,0.9974160206718347
DNMT3L__Mirounga_leonina,DNMT3L,387,363,0.937984496124031
DNMT3L__Molossus_molossus,DNMT3L,387,385,0.9948320413436692
DNMT3L__Monodelphis_domestica,DNMT3L,387,374,0.9664082687338501
DNMT3L__Monodon_monoceros,DNMT3L,387,383,0.9896640826873385
DNMT3L__Moschus_berezovskii,DNMT3L,387,315,0.813953488372093
DNMT3L__Muntiacus_reevesi,DNMT3L,387,384,0.9922480620155039
DNMT3L__Mus_caroli,DNMT3L,387,376,0.9715762273901809
DNMT3L__Mus_musculus,DNMT3L,387,380,0.9819121447028424
DNMT3L__Mus_pahari,DNMT3L,387,381,0.9844961240310077
DNMT3L__Muscardinus_avellanarius,DNMT3L,387,383,0.9896640826873385
DNMT3L__Mustela_erminea,DNMT3L,387,380,0.9819121447028424
DNMT3L__Mustela_lutreola,DNMT3L,387,382,0.9870801033591732
DNMT3L__Mustela_nigripes,DNMT3L,387,384,0.9922480620155039
DNMT3L__Mustela_nivalis,DNMT3L,387,348,0.8992248062015504
DNMT3L__Mustela_putorius_furo,DNMT3L,387,384,0.9922480620155039
DNMT3L__Myodes_glareolus,DNMT3L,387,381,0.9844961240310077
DNMT3L__Myotis_brandtii,DNMT3L,387,385,0.9948320413436692
DNMT3L__Myotis_daubentonii,DNMT3L,387,385,0.9948320413436692
DNMT3L__Myotis_davidii,DNMT3L,387,380,0.9819121447028424
DNMT3L__Myotis_lucifugus,DNMT3L,387,385,0.9948320413436692
DNMT3L__Myotis_myotis,DNMT3L,387,385,0.9948320413436692
DNMT3L__Myotis_nattereri,DNMT3L,387,385,0.9948320413436692
DNMT3L__Myotis_yumanensis,DNMT3L,387,385,0.9948320413436692
DNMT3L__Nannospalax_galili,DNMT3L,387,381,0.9844961240310077
DNMT3L__Natator_depressus,DNMT3L,387,375,0.9689922480620154
DNMT3L__Natrix_helvetica,DNMT3L,387,373,0.9638242894056848
DNMT3L__Neofelis_nebulosa,DNMT3L,387,383,0.9896640826873385
DNMT3L__Neogale_vison,DNMT3L,387,384,0.9922480620155039
DNMT3L__Neomonachus_schauinslandi,DNMT3L,387,386,0.9974160206718347
DNMT3L__Neophocaena_asiaeorientalis_asiaeorientalis,DNMT3L,387,383,0.9896640826873385
DNMT3L__Nomascus_leucogenys,DNMT3L,387,387,1.0
DNMT3L__Notamacropus_eugenii,DNMT3L,387,376,0.9715762273901809
DNMT3L__Notechis_scutatus,DNMT3L,387,345,0.8914728682170543
DNMT3L__Nyctereutes_procyonoides,DNMT3L,387,378,0.9767441860465116
DNMT3L__Nycticebus_coucang,DNMT3L,387,382,0.9870801033591732
DNMT3L__Ochotona_curzoniae,DNMT3L,387,373,0.9638242894056848
DNMT3L__Ochotona_princeps,DNMT3L,387,372,0.9612403100775194
DNMT3L__Octodon_degus,DNMT3L,387,384,0.9922480620155039
DNMT3L__Odobenus_rosmarus_divergens,DNMT3L,387,383,0.9896640826873385
DNMT3L__Odocoileus_virginianus,DNMT3L,387,386,0.9974160206718347
DNMT3L__Onychomys_torridus,DNMT3L,387,379,0.979328165374677
DNMT3L__Orcinus_orca,DNMT3L,387,367,0.9483204134366925
DNMT3L__Orycteropus_afer_afer,DNMT3L,387,380,0.9819121447028424
DNMT3L__Oryctolagus_cuniculus,DNMT3L,387,383,0.9896640826873385
DNMT3L__Oryx_dammah,DNMT3L,387,384,0.9922480620155039
DNMT3L__Otolemur_garnettii,DNMT3L,387,382,0.9870801033591732
DNMT3L__Ovis_aries,DNMT3L,387,315,0.813953488372093
DNMT3L__Ovis_canadensis,DNMT3L,387,315,0.813953488372093
DNMT3L__Pan_paniscus,DNMT3L,387,386,0.9974160206718347
DNMT3L__Pan_troglodytes,DNMT3L,387,387,1.0
DNMT3L__Panthera_leo,DNMT3L,387,383,0.9896640826873385
DNMT3L__Panthera_onca,DNMT3L,387,383,0.9896640826873385
DNMT3L__Panthera_pardus,DNMT3L,387,383,0.9896640826873385
DNMT3L__Panthera_tigris,DNMT3L,387,383,0.9896640826873385
DNMT3L__Panthera_uncia,DNMT3L,387,383,0.9896640826873385
DNMT3L__Papio_anubis,DNMT3L,387,387,1.0
DNMT3L__Paroedura_picta,DNMT3L,387,365,0.9431524547803618
DNMT3L__Pelodiscus_sinensis,DNMT3L,387,298,0.7700258397932817
DNMT3L__Peromyscus_californicus_insignis,DNMT3L,387,381,0.9844961240310077
DNMT3L__Peromyscus_eremicus,DNMT3L,387,381,0.9844961240310077
DNMT3L__Peromyscus_leucopus,DNMT3L,387,381,0.9844961240310077
DNMT3L__Peromyscus_maniculatus_bairdii,DNMT3L,387,381,0.9844961240310077
DNMT3L__Petaurus_breviceps_papuanus,DNMT3L,387,376,0.9715762273901809
DNMT3L__Phacochoerus_africanus,DNMT3L,387,344,0.8888888888888888
DNMT3L__Phascolarctos_cinereus,DNMT3L,387,376,0.9715762273901809
DNMT3L__Phoca_vitulina,DNMT3L,387,386,0.9974160206718347
DNMT3L__Phocoena_phocoena,DNMT3L,387,383,0.9896640826873385
DNMT3L__Phocoena_sinus,DNMT3L,387,383,0.9896640826873385
DNMT3L__Phodopus_roborovskii,DNMT3L,387,380,0.9819121447028424
DNMT3L__Phyllostomus_discolor,DNMT3L,387,386,0.9974160206718347
DNMT3L__Phyllostomus_hastatus,DNMT3L,387,386,0.9974160206718347
DNMT3L__Physeter_macrocephalus,DNMT3L,387,383,0.9896640826873385
DNMT3L__Piliocolobus_tephrosceles,DNMT3L,387,387,1.0
DNMT3L__Pipistrellus_kuhlii,DNMT3L,387,385,0.9948320413436692
DNMT3L__Pituophis_catenifer_annectens,DNMT3L,387,373,0.9638242894056848
DNMT3L__Plecotus_auritus,DNMT3L,387,377,0.9741602067183462
DNMT3L__Podarcis_bocagei,DNMT3L,387,361,0.9328165374677002
DNMT3L__Podarcis_cretensis,DNMT3L,387,361,0.9328165374677002
DNMT3L__Podarcis_erhardii,DNMT3L,387,361,0.9328165374677002
DNMT3L__Podarcis_melisellensis,DNMT3L,387,361,0.9328165374677002
DNMT3L__Podarcis_muralis,DNMT3L,387,342,0.8837209302325582
DNMT3L__Podarcis_pityusensis,DNMT3L,387,361,0.9328165374677002
DNMT3L__Podarcis_raffonei,DNMT3L,387,362,0.9354005167958657
DNMT3L__Podarcis_vaucheri,DNMT3L,387,361,0.9328165374677002
DNMT3L__Pogona_vitticeps,DNMT3L,387,372,0.9612403100775194
DNMT3L__Pongo_abelii,DNMT3L,387,387,1.0
DNMT3L__Pongo_pygmaeus,DNMT3L,387,387,1.0
DNMT3L__Prionailurus_bengalensis,DNMT3L,387,386,0.9974160206718347
DNMT3L__Prionailurus_viverrinus,DNMT3L,387,383,0.9896640826873385
DNMT3L__Propithecus_coquereli,DNMT3L,387,383,0.9896640826873385
DNMT3L__Protobothrops_mucrosquamatus,DNMT3L,387,370,0.9560723514211886
DNMT3L__Psammomys_obesus,DNMT3L,387,381,0.9844961240310077
DNMT3L__Pseudonaja_textilis,DNMT3L,387,373,0.9638242894056848
DNMT3L__Pseudorca_crassidens,DNMT3L,387,381,0.9844961240310077
DNMT3L__Pteronotus_mesoamericanus,DNMT3L,387,386,0.9974160206718347
DNMT3L__Pteropus_alecto,DNMT3L,387,362,0.9354005167958657
DNMT3L__Pteropus_medius,DNMT3L,387,378,0.9767441860465116
DNMT3L__Pteropus_vampyrus,DNMT3L,387,364,0.9405684754521964
DNMT3L__Puma_concolor,DNMT3L,387,281,0.7260981912144703
DNMT3L__Python_bivittatus,DNMT3L,387,335,0.8656330749354005
DNMT3L__Rattus_norvegicus,DNMT3L,387,381,0.9844961240310077
DNMT3L__Rattus_rattus,DNMT3L,387,381,0.9844961240310077
DNMT3L__Rhinatrema_bivittatum,DNMT3L,387,363,0.937984496124031
DNMT3L__Rhineura_floridana,DNMT3L,387,371,0.958656330749354
DNMT3L__Rhinolophus_ferrumequinum,DNMT3L,387,372,0.9612403100775194
DNMT3L__Rhinolophus_hipposideros,DNMT3L,387,377,0.9741602067183462
DNMT3L__Rhinolophus_sinicus,DNMT3L,387,372,0.9612403100775194
DNMT3L__Rhinopithecus_bieti,DNMT3L,387,387,1.0
DNMT3L__Rhinopithecus_roxellana,DNMT3L,387,387,1.0
DNMT3L__Rousettus_aegyptiacus,DNMT3L,387,381,0.9844961240310077
DNMT3L__Saccopteryx_bilineata,DNMT3L,387,386,0.9974160206718347
DNMT3L__Saccopteryx_leptura,DNMT3L,387,386,0.9974160206718347
DNMT3L__Sagmatias_obliquidens,DNMT3L,387,335,0.8656330749354005
DNMT3L__Saimiri_boliviensis,DNMT3L,387,386,0.9974160206718347
DNMT3L__Sapajus_apella,DNMT3L,387,386,0.9974160206718347
DNMT3L__Sarcophilus_harrisii,DNMT3L,387,376,0.9715762273901809
DNMT3L__Sceloporus_undulatus,DNMT3L,387,372,0.9612403100775194
DNMT3L__Sciurus_carolinensis,DNMT3L,387,246,0.6356589147286822
DNMT3L__Sciurus_vulgaris,DNMT3L,387,247,0.6382428940568475
DNMT3L__Sminthopsis_crassicaudata,DNMT3L,387,376,0.9715762273901809
DNMT3L__Sorex_araneus,DNMT3L,387,377,0.9741602067183462
DNMT3L__Sorex_fumeus,DNMT3L,387,377,0.9741602067183462
DNMT3L__Spermophilus_citellus,DNMT3L,387,383,0.9896640826873385
DNMT3L__Sphaerodactylus_townsendi,DNMT3L,387,372,0.9612403100775194
DNMT3L__Stenella_coeruleoalba,DNMT3L,387,381,0.9844961240310077
DNMT3L__Sturnira_hondurensis,DNMT3L,387,386,0.9974160206718347
DNMT3L__Suncus_etruscus,DNMT3L,387,375,0.9689922480620154
DNMT3L__Suricata_suricatta,DNMT3L,387,315,0.813953488372093
DNMT3L__Sus_scrofa,DNMT3L,387,353,0.9121447028423773
DNMT3L__Symphalangus_syndactylus,DNMT3L,387,387,1.0
DNMT3L__Talpa_occidentalis,DNMT3L,387,377,0.9741602067183462
DNMT3L__Tamandua_tetradactyla,DNMT3L,387,386,0.9974160206718347
DNMT3L__Tenrec_ecaudatus,DNMT3L,387,379,0.979328165374677
DNMT3L__Thamnophis_elegans,DNMT3L,387,370,0.9560723514211886
DNMT3L__Thamnophis_sirtalis,DNMT3L,387,270,0.6976744186046512
DNMT3L__Theropithecus_gelada,DNMT3L,387,387,1.0
DNMT3L__Tiliqua_scincoides,DNMT3L,387,278,0.7183462532299741
DNMT3L__Trachemys_scripta_elegans,DNMT3L,387,351,0.9069767441860465
DNMT3L__Trachypithecus_francoisi,DNMT3L,387,387,1.0
DNMT3L__Trichechus_manatus_latirostris,DNMT3L,387,383,0.9896640826873385
DNMT3L__Trichosurus_vulpecula,DNMT3L,387,376,0.9715762273901809
DNMT3L__Tupaia_chinensis,DNMT3L,387,386,0.9974160206718347
DNMT3L__Tursiops_truncatus,DNMT3L,387,315,0.813953488372093
DNMT3L__Ursus_arctos,DNMT3L,387,384,0.9922480620155039
DNMT3L__Ursus_maritimus,DNMT3L,387,380,0.9819121447028424
DNMT3L__Varanus_komodoensis,DNMT3L,387,371,0.958656330749354
DNMT3L__Vicugna_pacos,DNMT3L,387,384,0.9922480620155039
DNMT3L__Vipera_berus,DNMT3L,387,372,0.9612403100775194
DNMT3L__Vombatus_ursinus,DNMT3L,387,376,0.9715762273901809
DNMT3L__Vulpes_lagopus,DNMT3L,387,382,0.9870801033591732
DNMT3L__Vulpes_vulpes,DNMT3L,387,381,0.9844961240310077
DNMT3L__Zalophus_californianus,DNMT3L,387,386,0.9974160206718347
DNMT3L__Zootoca_vivipara,DNMT3L,387,361,0.9328165374677002
DNMT3B__Homo_sapiens__XP_047295902_1,DNMT3B,387,368,0.9509043927648578
DNMT3A__Homo_sapiens__NP_072046_2,DNMT3A,387,365,0.9431524547803618
DNMT3B__Loxodonta_africana__XP_023405914_1,DNMT3B,387,368,0.9509043927648578
DNMT3B__Mus_musculus__XP_006498745_1,DNMT3B,387,367,0.9483204134366925
DNMT3A__Canis_lupus_familiaris__XP_038308941_1,DNMT3A,387,365,0.9431524547803618
DNMT3B__Canis_lupus_familiaris__XP_038289403_1,DNMT3B,387,368,0.9509043927648578
DNMT3A__Loxodonta_africana__XP_023406265_1,DNMT3A,387,365,0.9431524547803618
DNMT3A__Xenopus_tropicalis__XP_004919668_1,DNMT3A,387,365,0.9431524547803618
DNMT3A__Bos_taurus__XP_059747014_1,DNMT3A,387,370,0.9560723514211886
DNMT3A__Alligator_mississippiensis__XP_059583600_1,DNMT3A,387,363,0.937984496124031
DNMT3B__Bos_taurus__NP_861529_2,DNMT3B,387,369,0.9534883720930233
DNMT3A__Rattus_norvegicus__NP_001003958_1,DNMT3A,387,365,0.9431524547803618
DNMT3B__Rattus_norvegicus__NP_001383278_1,DNMT3B,387,368,0.9509043927648578
DNMT3A__Gallus_gallus__XP_040553157_1,DNMT3A,387,365,0.9431524547803618
DNMT3B__Anolis_carolinensis__NP_001280056_1,DNMT3B,387,364,0.9405684754521964
DNMT3A__Mus_musculus__NP_001258682_1,DNMT3A,387,365,0.9431524547803618
DNMT3A__Monodelphis_domestica__XP_016279286_1,DNMT3A,387,366,0.9457364341085271
DNMT3B__Alligator_mississippiensis__XP_059569104_1,DNMT3B,387,369,0.9534883720930233
DNMT3B__Monodelphis_domestica__XP_056667925_1,DNMT3B,387,367,0.9483204134366925
DNMT3A__Anolis_carolinensis__XP_062825001_1,DNMT3A,387,366,0.9457364341085271
DNMT3B__Gallus_gallus__NP_001019999_2,DNMT3B,387,347,0.896640826873385
