Candidate_Tip,Nearest_DNMT3L_Tip,Nearest_DNMT3L_Distance,Nearest_DNMT3A_or_DNMT3B_Tip,Nearest_DNMT3A_or_DNMT3B_Distance,Nearest_Group_Is_DNMT3L,Paralog_to_DNMT3L_Distance_Ratio
DNMT3L__Ascaphus_truei,DNMT3L__Rhinatrema_bivittatum,1.0952902701,DNMT3A__Alligator_mississippiensis__XP_059583600_1,2.1372172337000004,True,1.9512793019743273
DNMT3L__Erinaceus_europaeus,DNMT3L__Equus_caballus,0.5603147052999999,DNMT3A__Alligator_mississippiensis__XP_059583600_1,2.021369625,True,3.6075612613410386
DNMT3L__Talpa_occidentalis,DNMT3L__Equus_caballus,0.4887256831,DNMT3A__Alligator_mississippiensis__XP_059583600_1,1.9497806028,True,3.9895194179943436
DNMT3L__Hemicordylus_capensis,DNMT3L__Tiliqua_scincoides,0.4464303339,DNMT3A__Alligator_mississippiensis__XP_059583600_1,1.8393589657,True,4.120147817088108
DNMT3L__Tiliqua_scincoides,DNMT3L__Hemicordylus_capensis,0.4464303339,DNMT3A__Alligator_mississippiensis__XP_059583600_1,1.8564334186,True,4.158394440588886
DNMT3L__Jaculus_jaculus,DNMT3L__Nannospalax_galili,0.4621129635,DNMT3A__Alligator_mississippiensis__XP_059583600_1,2.0177637085,True,4.366386290524395
DNMT3L__Sceloporus_undulatus,DNMT3L__Elgaria_multicarinata_webbii,0.3885115995,DNMT3A__Alligator_mississippiensis__XP_059583600_1,1.8471091229,True,4.754321686346459
DNMT3L__Pogona_vitticeps,DNMT3L__Natrix_helvetica,0.37472286769999996,DNMT3A__Alligator_mississippiensis__XP_059583600_1,1.8902620559,True,5.044426745296282
DNMT3L__Rhinatrema_bivittatum,DNMT3L__Geotrypetes_seraphini,0.35006798390000005,DNMT3A__Alligator_mississippiensis__XP_059583600_1,1.8256134466,True,5.215025453803003
DNMT3L__Suncus_etruscus,DNMT3L__Sorex_araneus,0.3978274921,DNMT3A__Alligator_mississippiensis__XP_059583600_1,2.1633081943,True,5.437804669759272
DNMT3L__Castor_canadensis,DNMT3L__Sciurus_carolinensis,0.30883845769999996,DNMT3A__Alligator_mississippiensis__XP_059583600_1,1.7362782530999998,True,5.6219625820906955
DNMT3L__Elgaria_multicarinata_webbii,DNMT3L__Varanus_komodoensis,0.33085886070000003,DNMT3A__Alligator_mississippiensis__XP_059583600_1,1.8841149602,True,5.6946184128596915
DNMT3L__Varanus_komodoensis,DNMT3L__Elgaria_multicarinata_webbii,0.33085886070000003,DNMT3A__Alligator_mississippiensis__XP_059583600_1,1.9123763605000001,True,5.78003670947175
DNMT3L__Nannospalax_galili,DNMT3L__Rattus_rattus,0.318998726,DNMT3A__Alligator_mississippiensis__XP_059583600_1,1.8729331571999999,True,5.871287264012458
DNMT3L__Rhineura_floridana,DNMT3L__Podarcis_cretensis,0.3044074429,DNMT3A__Alligator_mississippiensis__XP_059583600_1,1.8569370018,True,6.100169510014303
DNMT3L__Candoia_aspera,DNMT3L__Natrix_helvetica,0.34128354569999997,DNMT3A__Alligator_mississippiensis__XP_059583600_1,2.0992939571,True,6.151172488536415
DNMT3L__Eublepharis_macularius,DNMT3L__Euleptes_europaea,0.2935183097,DNMT3A__Alligator_mississippiensis__XP_059583600_1,1.8115094335,True,6.171708454411285
DNMT3L__Meles_meles,DNMT3L__Neogale_vison,0.3152468008,DNMT3A__Alligator_mississippiensis__XP_059583600_1,1.9938873475999999,True,6.324845621082033
DNMT3L__Ambystoma_mexicanum,DNMT3L__Lissotriton_helveticus,0.2980250888,DNMT3A__Alligator_mississippiensis__XP_059583600_1,1.9064498173,True,6.396944045806119
DNMT3L__Lissotriton_helveticus,DNMT3L__Ambystoma_mexicanum,0.2980250888,DNMT3A__Alligator_mississippiensis__XP_059583600_1,1.9627747799000002,True,6.585938075895307
DNMT3L__Muscardinus_avellanarius,DNMT3L__Sciurus_carolinensis,0.26834591090000004,DNMT3A__Alligator_mississippiensis__XP_059583600_1,1.7772557585,True,6.623002946231963
DNMT3L__Sphaerodactylus_townsendi,DNMT3L__Euleptes_europaea,0.26862243880000003,DNMT3A__Alligator_mississippiensis__XP_059583600_1,1.8560773476,True,6.909613939518741
DNMT3L__Choloepus_didactylus,DNMT3L__Dasypus_novemcinctus,0.2348979605,DNMT3A__Alligator_mississippiensis__XP_059583600_1,1.6448881986,True,7.002564837509519
DNMT3L__Dasypus_novemcinctus,DNMT3L__Choloepus_didactylus,0.2348979605,DNMT3A__Alligator_mississippiensis__XP_059583600_1,1.6477824929,True,7.014886333591645
DNMT3L__Tamandua_tetradactyla,DNMT3L__Choloepus_didactylus,0.2442372197,DNMT3A__Alligator_mississippiensis__XP_059583600_1,1.7283663727,True,7.076588796838486
DNMT3L__Rousettus_aegyptiacus,DNMT3L__Pteropus_medius,0.2418369288,DNMT3A__Alligator_mississippiensis__XP_059583600_1,1.7249396883,True,7.132656277348492
DNMT3L__Tupaia_chinensis,DNMT3L__Equus_caballus,0.221093218,DNMT3A__Alligator_mississippiensis__XP_059583600_1,1.6302343286999998,True,7.373515766096451
DNMT3L__Carlito_syrichta,DNMT3L__Theropithecus_gelada,0.22285973209999999,DNMT3A__Alligator_mississippiensis__XP_059583600_1,1.6448276447999999,True,7.380551117516128
DNMT3L__Chrysochloris_asiatica,DNMT3L__Elephas_maximus_indicus,0.2345607723,DNMT3A__Alligator_mississippiensis__XP_059583600_1,1.7539333757,True,7.477522172619484
DNMT3L__Cynocephalus_volans,DNMT3L__Equus_caballus,0.2156756691,DNMT3A__Alligator_mississippiensis__XP_059583600_1,1.6248167798,True,7.533611865354357
DNMT3L__Python_bivittatus,DNMT3L__Natrix_helvetica,0.2512487726,DNMT3A__Alligator_mississippiensis__XP_059583600_1,2.0092591840000003,True,7.9970905457868104
DNMT3L__Cavia_porcellus,DNMT3L__Octodon_degus,0.2314338566,DNMT3A__Alligator_mississippiensis__XP_059583600_1,1.8570621467,True,8.024159360182395
DNMT3L__Ursus_maritimus,DNMT3L__Ursus_arctos,0.2100104975,DNMT3A__Alligator_mississippiensis__XP_059583600_1,1.8596589102999999,True,8.855075972095156
DNMT3L__Euleptes_europaea,DNMT3L__Paroedura_picta,0.2048784601,DNMT3A__Alligator_mississippiensis__XP_059583600_1,1.8349464974,True,8.956268494522915
DNMT3L__Paroedura_picta,DNMT3L__Euleptes_europaea,0.2048784601,DNMT3A__Alligator_mississippiensis__XP_059583600_1,1.8588382495,True,9.072882764702115
DNMT3L__Cercocebus_atys,DNMT3L__Mandrillus_leucophaeus,0.2082652015,DNMT3A__Alligator_mississippiensis__XP_059583600_1,1.9100613868999998,True,9.17129397106698
DNMT3L__Heterocephalus_glaber,DNMT3L__Fukomys_damarensis,0.2208925572,DNMT3A__Alligator_mississippiensis__XP_059583600_1,2.0312380675,True,9.195593066817915
DNMT3L__Pipistrellus_kuhlii,DNMT3L__Plecotus_auritus,0.2113504626,DNMT3A__Alligator_mississippiensis__XP_059583600_1,1.9453338708,True,9.204303822517396
DNMT3L__Elephantulus_edwardii,DNMT3L__Elephas_maximus_indicus,0.18513542319999998,DNMT3A__Alligator_mississippiensis__XP_059583600_1,1.7045080266000001,True,9.206817350986563
DNMT3L__Gekko_japonicus,DNMT3L__Heteronotia_binoei,0.1960829416,DNMT3A__Alligator_mississippiensis__XP_059583600_1,1.8421069637,True,9.394529420401147
DNMT3L__Fukomys_damarensis,DNMT3L__Heterocephalus_glaber,0.2208925572,DNMT3A__Alligator_mississippiensis__XP_059583600_1,2.0776853455,True,9.405863972224411
DNMT3L__Heteronotia_binoei,DNMT3L__Gekko_japonicus,0.1960829416,DNMT3A__Alligator_mississippiensis__XP_059583600_1,1.8673680457000001,True,9.523357975266116
DNMT3L__Geotrypetes_seraphini,DNMT3L__Microcaecilia_unicolor,0.1934706319,DNMT3A__Alligator_mississippiensis__XP_059583600_1,1.8769134917,True,9.70128372077747
DNMT3L__Microcaecilia_unicolor,DNMT3L__Geotrypetes_seraphini,0.1934706319,DNMT3A__Alligator_mississippiensis__XP_059583600_1,1.8820529438,True,9.72784822852486
DNMT3L__Pteropus_medius,DNMT3L__Pteropus_vampyrus,0.1877381802,DNMT3A__Alligator_mississippiensis__XP_059583600_1,1.8434603829,True,9.819315287578355
DNMT3L__Molossus_molossus,DNMT3L__Saccopteryx_leptura,0.1730772593,DNMT3A__Alligator_mississippiensis__XP_059583600_1,1.7094414464,True,9.876753614621167
DNMT3L__Octodon_degus,DNMT3L__Chinchilla_lanigera,0.1883224492,DNMT3A__Alligator_mississippiensis__XP_059583600_1,1.8891490392999999,True,10.031459591382587
DNMT3L__Chinchilla_lanigera,DNMT3L__Octodon_degus,0.1883224492,DNMT3A__Alligator_mississippiensis__XP_059583600_1,1.9149074327,True,10.168237726487682
DNMT3L__Suricata_suricatta,DNMT3L__Hyaena_hyaena,0.1574490848,DNMT3A__Alligator_mississippiensis__XP_059583600_1,1.7242174155999999,True,10.95095228905389
DNMT3L__Acomys_russatus,DNMT3L__Meriones_unguiculatus,0.1751282099,DNMT3A__Alligator_mississippiensis__XP_059583600_1,1.9541098679,True,11.158167316480975
DNMT3L__Pelodiscus_sinensis,DNMT3L__Natator_depressus,0.14329248449999998,DNMT3A__Alligator_mississippiensis__XP_059583600_1,1.6073469677,True,11.217245435506426
DNMT3L__Halichoerus_grypus,DNMT3L__Phoca_vitulina,0.1499486498,DNMT3A__Alligator_mississippiensis__XP_059583600_1,1.7954231446,True,11.973586604445703
DNMT3L__Enhydra_lutris_kenyoni,DNMT3L__Lutra_lutra,0.1544409163,DNMT3A__Alligator_mississippiensis__XP_059583600_1,1.8524440030999998,True,11.994515750616534
DNMT3L__Erythrolamprus_reginae,DNMT3L__Natrix_helvetica,0.16493992270000002,DNMT3A__Alligator_mississippiensis__XP_059583600_1,1.9926695763,True,12.08118412862576
DNMT3L__Anolis_carolinensis,DNMT3L__Anolis_sagrei,0.1659139309,DNMT3A__Alligator_mississippiensis__XP_059583600_1,2.0588440187,True,12.409108792322634
DNMT3L__Anolis_sagrei,DNMT3L__Anolis_carolinensis,0.1659139309,DNMT3A__Alligator_mississippiensis__XP_059583600_1,2.0617384750000003,True,12.426554321364707
DNMT3L__Phacochoerus_africanus,DNMT3L__Sus_scrofa,0.140823504,DNMT3A__Alligator_mississippiensis__XP_059583600_1,1.7839533292,True,12.668008383032424
DNMT3L__Macaca_mulatta,DNMT3L__Mandrillus_leucophaeus,0.1441646572,DNMT3A__Alligator_mississippiensis__XP_059583600_1,1.8459608425999998,True,12.804531141353833
DNMT3L__Echinops_telfairi,DNMT3L__Tenrec_ecaudatus,0.1324770084,DNMT3A__Alligator_mississippiensis__XP_059583600_1,1.6991236876,True,12.825800553026376
DNMT3L__Marmota_marmota_marmota,DNMT3L__Marmota_monax,0.14879406039999998,DNMT3A__Alligator_mississippiensis__XP_059583600_1,1.9110648946,True,12.843690732429264
DNMT3L__Orycteropus_afer_afer,DNMT3L__Elephas_maximus_indicus,0.1266990435,DNMT3A__Alligator_mississippiensis__XP_059583600_1,1.6336464603,True,12.893913128081351
DNMT3L__Sus_scrofa,DNMT3L__Phacochoerus_africanus,0.140823504,DNMT3A__Alligator_mississippiensis__XP_059583600_1,1.8285045248,True,12.984370313637418
DNMT3L__Hippopotamus_amphibius_kiboko,DNMT3L__Vicugna_pacos,0.1232199758,DNMT3A__Alligator_mississippiensis__XP_059583600_1,1.6116386419,True,13.079361779098805
DNMT3L__Notamacropus_eugenii,DNMT3L__Trichosurus_vulpecula,0.1189341186,DNMT3A__Alligator_mississippiensis__XP_059583600_1,1.5718321832000002,True,13.215990513928105
DNMT3L__Tenrec_ecaudatus,DNMT3L__Echinops_telfairi,0.1324770084,DNMT3A__Alligator_mississippiensis__XP_059583600_1,1.7565986614,True,13.25964922227214
DNMT3L__Dermochelys_coriacea,DNMT3L__Chelonia_mydas,0.1183082434,DNMT3A__Alligator_mississippiensis__XP_059583600_1,1.6752518200000002,True,14.16005995741122
DNMT3L__Emydura_macquarii_macquarii,DNMT3L__Natator_depressus,0.107582014,DNMT3A__Alligator_mississippiensis__XP_059583600_1,1.5356086144,True,14.273841484320975
DNMT3L__Macrotis_lagotis,DNMT3L__Dromiciops_gliroides,0.10599207860000001,DNMT3A__Alligator_mississippiensis__XP_059583600_1,1.5541442220000001,True,14.662833699725178
DNMT3L__Mastomys_coucha,DNMT3L__Apodemus_sylvaticus,0.1370158437,DNMT3A__Alligator_mississippiensis__XP_059583600_1,2.025803092,True,14.785174015609115
DNMT3L__Hipposideros_armiger,DNMT3L__Rhinolophus_hipposideros,0.1136834335,DNMT3A__Alligator_mississippiensis__XP_059583600_1,1.7119390769,True,15.058826288000882
DNMT3L__Apodemus_sylvaticus,DNMT3L__Rattus_rattus,0.13008742969999998,DNMT3A__Alligator_mississippiensis__XP_059583600_1,1.9990447603,True,15.366932569196578
DNMT3L__Micromys_minutus,DNMT3L__Rattus_rattus,0.1293072143,DNMT3A__Alligator_mississippiensis__XP_059583600_1,1.9982645449,True,15.453619936965884
DNMT3L__Thamnophis_sirtalis,DNMT3L__Thamnophis_elegans,0.1311770393,DNMT3A__Alligator_mississippiensis__XP_059583600_1,2.0346128408,True,15.51043423191516
DNMT3L__Petaurus_breviceps_papuanus,DNMT3L__Trichosurus_vulpecula,0.09930495689999999,DNMT3A__Alligator_mississippiensis__XP_059583600_1,1.5522030215,True,15.630670109076902
DNMT3L__Ailuropoda_melanoleuca,DNMT3L__Ursus_arctos,0.1069081257,DNMT3A__Alligator_mississippiensis__XP_059583600_1,1.7286910475,True,16.16987517254734
DNMT3L__Dromiciops_gliroides,DNMT3L__Trichosurus_vulpecula,0.092615645,DNMT3A__Alligator_mississippiensis__XP_059583600_1,1.5059212986000001,True,16.25990186215299
DNMT3L__Trichechus_manatus_latirostris,DNMT3L__Elephas_maximus_indicus,0.0994081678,DNMT3A__Alligator_mississippiensis__XP_059583600_1,1.6476277632,True,16.574370091146573
DNMT3L__Sorex_araneus,DNMT3L__Sorex_fumeus,0.1160269782,DNMT3A__Alligator_mississippiensis__XP_059583600_1,2.017938563,True,17.39197723068858
DNMT3L__Sorex_fumeus,DNMT3L__Sorex_araneus,0.1160269782,DNMT3A__Alligator_mississippiensis__XP_059583600_1,2.0329235132,True,17.5211277992242
DNMT3L__Trichosurus_vulpecula,DNMT3L__Phascolarctos_cinereus,0.082338401,DNMT3A__Alligator_mississippiensis__XP_059583600_1,1.5407677884000002,True,18.712627032919915
DNMT3L__Pteronotus_mesoamericanus,DNMT3L__Sturnira_hondurensis,0.0927516082,DNMT3A__Alligator_mississippiensis__XP_059583600_1,1.7490694499,True,18.857564670237167
DNMT3L__Ursus_arctos,DNMT3L__Callorhinus_ursinus,0.0867283297,DNMT3A__Alligator_mississippiensis__XP_059583600_1,1.6592114429999998,True,19.13113568241589
DNMT3L__Crocodylus_porosus,DNMT3L__Gavialis_gangeticus,0.08235298749999999,DNMT3A__Alligator_mississippiensis__XP_059583600_1,1.57763627,True,19.157001074186898
DNMT3L__Desmodus_rotundus,DNMT3L__Sturnira_hondurensis,0.0868076065,DNMT3A__Alligator_mississippiensis__XP_059583600_1,1.7786948244,True,20.4900802604205
DNMT3L__Propithecus_coquereli,DNMT3L__Microcebus_murinus,0.0793520408,DNMT3A__Alligator_mississippiensis__XP_059583600_1,1.6687520970999998,True,21.02973131221598
DNMT3L__Microcebus_murinus,DNMT3L__Propithecus_coquereli,0.0793520408,DNMT3A__Alligator_mississippiensis__XP_059583600_1,1.6889025216999998,True,21.283668380460856
DNMT3L__Mus_pahari,DNMT3L__Mus_musculus,0.0901781807,DNMT3A__Alligator_mississippiensis__XP_059583600_1,2.0006736933,True,22.18578460742888
DNMT3L__Dipodomys_merriami,DNMT3L__Dipodomys_spectabilis,0.0881748755,DNMT3A__Alligator_mississippiensis__XP_059583600_1,1.9750400927999998,True,22.399125392584192
DNMT3L__Ochotona_princeps,DNMT3L__Ochotona_curzoniae,0.08693392059999999,DNMT3A__Alligator_mississippiensis__XP_059583600_1,1.977247072,True,22.744252857267316
DNMT3L__Ochotona_curzoniae,DNMT3L__Ochotona_princeps,0.08693392059999999,DNMT3A__Alligator_mississippiensis__XP_059583600_1,1.9921552569999998,True,22.91574155692686
DNMT3L__Physeter_macrocephalus,DNMT3L__Balaenoptera_borealis,0.06877032329999999,DNMT3A__Alligator_mississippiensis__XP_059583600_1,1.6479943781,True,23.96374335643119
DNMT3L__Lemur_catta,DNMT3L__Eulemur_rufifrons,0.0696650605,DNMT3A__Alligator_mississippiensis__XP_059583600_1,1.6734601862999998,True,24.021513428528493
DNMT3L__Eulemur_rufifrons,DNMT3L__Lemur_catta,0.0696650605,DNMT3A__Alligator_mississippiensis__XP_059583600_1,1.6755956598,True,24.052166864909275
DNMT3L__Phascolarctos_cinereus,DNMT3L__Vombatus_ursinus,0.0636392557,DNMT3A__Alligator_mississippiensis__XP_059583600_1,1.5424967678000001,True,24.238133379048936
DNMT3L__Vombatus_ursinus,DNMT3L__Phascolarctos_cinereus,0.0636392557,DNMT3A__Alligator_mississippiensis__XP_059583600_1,1.5486414235000001,True,24.33468786625046
DNMT3L__Gracilinanus_agilis,DNMT3L__Monodelphis_domestica,0.0626862702,DNMT3A__Alligator_mississippiensis__XP_059583600_1,1.5378821500000002,True,24.532998136488267
DNMT3L__Monodelphis_domestica,DNMT3L__Gracilinanus_agilis,0.0626862702,DNMT3A__Alligator_mississippiensis__XP_059583600_1,1.539233639,True,24.55455770600306
DNMT3L__Plecotus_auritus,DNMT3L__Myotis_nattereri,0.0704187682,DNMT3A__Alligator_mississippiensis__XP_059583600_1,1.7339886842,True,24.623956489485998
DNMT3L__Phodopus_roborovskii,DNMT3L__Cricetulus_griseus,0.076874307,DNMT3A__Alligator_mississippiensis__XP_059583600_1,1.9562070047,True,25.446824576903175
DNMT3L__Cricetulus_griseus,DNMT3L__Mesocricetus_auratus,0.0744148314,DNMT3A__Alligator_mississippiensis__XP_059583600_1,1.9506943416999998,True,26.21378433573928
DNMT3L__Mesocricetus_auratus,DNMT3L__Cricetulus_griseus,0.0744148314,DNMT3A__Alligator_mississippiensis__XP_059583600_1,1.9701119814999999,True,26.474722100895598
DNMT3L__Lipotes_vexillifer,DNMT3L__Monodon_monoceros,0.0612138105,DNMT3A__Alligator_mississippiensis__XP_059583600_1,1.6600190902,True,27.118375357469375
DNMT3L__Dipodomys_ordii,DNMT3L__Dipodomys_spectabilis,0.0654245589,DNMT3A__Alligator_mississippiensis__XP_059583600_1,1.8508512705999998,True,28.28985478417952
DNMT3L__Dipodomys_spectabilis,DNMT3L__Dipodomys_ordii,0.0654245589,DNMT3A__Alligator_mississippiensis__XP_059583600_1,1.8971491337,True,28.997507443645905
DNMT3L__Podarcis_raffonei,DNMT3L__Podarcis_cretensis,0.0606290887,DNMT3A__Alligator_mississippiensis__XP_059583600_1,1.8649324942,True,30.759698590026805
DNMT3L__Cnephaeus_nilssonii,DNMT3L__Eptesicus_fuscus,0.0577048381,DNMT3A__Alligator_mississippiensis__XP_059583600_1,1.8222663446,True,31.579091192355325
DNMT3L__Eptesicus_fuscus,DNMT3L__Cnephaeus_nilssonii,0.0577048381,DNMT3A__Alligator_mississippiensis__XP_059583600_1,1.8298481641,True,31.71048086000955
DNMT3L__Otolemur_garnettii,DNMT3L__Nycticebus_coucang,0.053127402000000004,DNMT3A__Alligator_mississippiensis__XP_059583600_1,1.6910561112,True,31.83020527147177
DNMT3L__Gavialis_gangeticus,DNMT3L__Alligator_mississippiensis,0.051763532200000004,DNMT3A__Alligator_mississippiensis__XP_059583600_1,1.6540799069,True,31.954540901673628
DNMT3L__Spermophilus_citellus,DNMT3L__Callospermophilus_lateralis,0.055921092900000004,DNMT3A__Alligator_mississippiensis__XP_059583600_1,1.7942786403,True,32.08590081579038
DNMT3L__Nycticebus_coucang,DNMT3L__Otolemur_garnettii,0.053127402000000004,DNMT3A__Alligator_mississippiensis__XP_059583600_1,1.7057191158,True,32.10620229086301
DNMT3L__Giraffa_tippelskirchi,DNMT3L__Moschus_berezovskii,0.050577341,DNMT3A__Alligator_mississippiensis__XP_059583600_1,1.646393778,True,32.552003435688725
DNMT3L__Puma_concolor,DNMT3L__Prionailurus_bengalensis,0.052652192300000004,DNMT3A__Alligator_mississippiensis__XP_059583600_1,1.746848322,True,33.17712417456167
DNMT3L__Moschus_berezovskii,DNMT3L__Ovis_aries,0.0477123248,DNMT3A__Alligator_mississippiensis__XP_059583600_1,1.6273232494,True,34.106978777944605
DNMT3L__Sturnira_hondurensis,DNMT3L__Artibeus_jamaicensis,0.0500498332,DNMT3A__Alligator_mississippiensis__XP_059583600_1,1.7696121425,True,35.3570037971675
DNMT3L__Mustela_nivalis,DNMT3L__Mustela_nigripes,0.0496685473,DNMT3A__Alligator_mississippiensis__XP_059583600_1,1.7587416643999998,True,35.40956520787955
DNMT3L__Callithrix_jacchus,DNMT3L__Cebus_imitator,0.050198070600000005,DNMT3A__Alligator_mississippiensis__XP_059583600_1,1.7833625883,True,35.526516596835094
DNMT3L__Artibeus_jamaicensis,DNMT3L__Sturnira_hondurensis,0.0500498332,DNMT3A__Alligator_mississippiensis__XP_059583600_1,1.7806569129,True,35.57767926587216
DNMT3L__Martes_martes,DNMT3L__Neogale_vison,0.048418054599999996,DNMT3A__Alligator_mississippiensis__XP_059583600_1,1.7270586013999998,True,35.669723116054314
DNMT3L__Arvicanthis_niloticus,DNMT3L__Grammomys_surdaster,0.0548638592,DNMT3A__Alligator_mississippiensis__XP_059583600_1,1.9823178341999999,True,36.13157847634604
DNMT3L__Grammomys_surdaster,DNMT3L__Arvicanthis_niloticus,0.0548638592,DNMT3A__Alligator_mississippiensis__XP_059583600_1,1.9912589974,True,36.29454847755223
DNMT3L__Mirounga_leonina,DNMT3L__Mirounga_angustirostris,0.0437339493,DNMT3A__Alligator_mississippiensis__XP_059583600_1,1.6996492446999998,True,38.86338352479866
DNMT3L__Nyctereutes_procyonoides,DNMT3L__Vulpes_vulpes,0.0455541342,DNMT3A__Alligator_mississippiensis__XP_059583600_1,1.7835992969999999,True,39.15340129546354
DNMT3L__Aotus_nancymaae,DNMT3L__Cebus_imitator,0.0444005549,DNMT3A__Alligator_mississippiensis__XP_059583600_1,1.7792913624,True,40.07362895367778
DNMT3L__Lepus_europaeus,DNMT3L__Oryctolagus_cuniculus,0.0441072672,DNMT3A__Alligator_mississippiensis__XP_059583600_1,1.8325481663999998,True,41.54753360915545
DNMT3L__Oryctolagus_cuniculus,DNMT3L__Lepus_europaeus,0.0441072672,DNMT3A__Alligator_mississippiensis__XP_059583600_1,1.8682228494,True,42.356350052900126
DNMT3L__Pituophis_catenifer_annectens,DNMT3L__Natrix_helvetica,0.0424276539,DNMT3A__Alligator_mississippiensis__XP_059583600_1,1.8954867913,True,44.675738983059816
DNMT3L__Lutra_lutra,DNMT3L__Lontra_canadensis,0.036794484,DNMT3A__Alligator_mississippiensis__XP_059583600_1,1.7269211319999997,True,46.934239708321485
DNMT3L__Lontra_canadensis,DNMT3L__Lutra_lutra,0.036794484,DNMT3A__Alligator_mississippiensis__XP_059583600_1,1.7286008759999998,True,46.979891768559646
DNMT3L__Sminthopsis_crassicaudata,DNMT3L__Antechinus_flavipes,0.033534907200000005,DNMT3A__Alligator_mississippiensis__XP_059583600_1,1.5843948763,True,47.24613868321663
DNMT3L__Myotis_brandtii,DNMT3L__Myotis_lucifugus,0.037002556199999995,DNMT3A__Alligator_mississippiensis__XP_059583600_1,1.7633042866,True,47.65358039237301
DNMT3L__Capra_hircus,DNMT3L__Ovis_aries,0.033143295,DNMT3A__Alligator_mississippiensis__XP_059583600_1,1.656064543,True,49.966804537690045
DNMT3L__Myotis_lucifugus,DNMT3L__Myotis_yumanensis,0.0343429442,DNMT3A__Alligator_mississippiensis__XP_059583600_1,1.7710417736,True,51.5693052781421
DNMT3L__Myotis_yumanensis,DNMT3L__Myotis_lucifugus,0.0343429442,DNMT3A__Alligator_mississippiensis__XP_059583600_1,1.7735038784000001,True,51.640996999901944
DNMT3L__Ahaetulla_prasina,DNMT3L__Natrix_helvetica,0.0364684007,DNMT3A__Alligator_mississippiensis__XP_059583600_1,1.8948672655,True,51.959154476988076
DNMT3L__Callospermophilus_lateralis,DNMT3L__Ictidomys_tridecemlineatus,0.033851091800000004,DNMT3A__Alligator_mississippiensis__XP_059583600_1,1.7646191459999998,True,52.12886947415976
DNMT3L__Lacerta_agilis,DNMT3L__Podarcis_cretensis,0.0349460607,DNMT3A__Alligator_mississippiensis__XP_059583600_1,1.8392494662,True,52.631095733202336
DNMT3L__Monodon_monoceros,DNMT3L__Phocoena_phocoena,0.031558595700000004,DNMT3A__Alligator_mississippiensis__XP_059583600_1,1.6720296595,True,52.9817510067471
DNMT3L__Myotis_davidii,DNMT3L__Myotis_nattereri,0.0332670361,DNMT3A__Alligator_mississippiensis__XP_059583600_1,1.7815903963,True,53.55422680110657
DNMT3L__Neogale_vison,DNMT3L__Mustela_erminea,0.0307131052,DNMT3A__Alligator_mississippiensis__XP_059583600_1,1.6999247147999998,True,55.34851340267606
DNMT3L__Mustela_erminea,DNMT3L__Neogale_vison,0.0307131052,DNMT3A__Alligator_mississippiensis__XP_059583600_1,1.709353652,True,55.65551385536881
DNMT3L__Saimiri_boliviensis,DNMT3L__Cebus_imitator,0.030891021299999998,DNMT3A__Alligator_mississippiensis__XP_059583600_1,1.7543126054,True,56.790372463340994
DNMT3L__Ictidomys_tridecemlineatus,DNMT3L__Marmota_monax,0.0311769392,DNMT3A__Alligator_mississippiensis__XP_059583600_1,1.7722086391999998,True,56.843573637273536
DNMT3L__Rhinolophus_hipposideros,DNMT3L__Rhinolophus_ferrumequinum,0.0287585723,DNMT3A__Alligator_mississippiensis__XP_059583600_1,1.69815249,True,59.048567233638366
DNMT3L__Sagmatias_obliquidens,DNMT3L__Globicephala_melas,0.028822721,DNMT3A__Alligator_mississippiensis__XP_059583600_1,1.7105361719999999,True,59.34679699394099
DNMT3L__Zootoca_vivipara,DNMT3L__Podarcis_cretensis,0.030805820900000003,DNMT3A__Alligator_mississippiensis__XP_059583600_1,1.8311565074,True,59.441899417132554
DNMT3L__Sciurus_carolinensis,DNMT3L__Sciurus_vulgaris,0.029270820500000003,DNMT3A__Alligator_mississippiensis__XP_059583600_1,1.74410402,True,59.58507449423906
DNMT3L__Sciurus_vulgaris,DNMT3L__Sciurus_carolinensis,0.029270820500000003,DNMT3A__Alligator_mississippiensis__XP_059583600_1,1.7503722999,True,59.799222228840485
DNMT3L__Natrix_helvetica,DNMT3L__Thamnophis_elegans,0.0316667425,DNMT3A__Alligator_mississippiensis__XP_059583600_1,1.8944107762,True,59.8233549345974
DNMT3L__Thamnophis_elegans,DNMT3L__Natrix_helvetica,0.0316667425,DNMT3A__Alligator_mississippiensis__XP_059583600_1,1.9106680535,True,60.33674140938242
DNMT3L__Antechinus_flavipes,DNMT3L__Sarcophilus_harrisii,0.0259903604,DNMT3A__Alligator_mississippiensis__XP_059583600_1,1.5765938923,True,60.660716820994914
DNMT3L__Sarcophilus_harrisii,DNMT3L__Antechinus_flavipes,0.0259903604,DNMT3A__Alligator_mississippiensis__XP_059583600_1,1.5820007915,True,60.86875161223236
DNMT3L__Vipera_berus,DNMT3L__Protobothrops_mucrosquamatus,0.0314457396,DNMT3A__Alligator_mississippiensis__XP_059583600_1,1.9146356982000001,True,60.88696664650877
DNMT3L__Mus_musculus,DNMT3L__Mus_caroli,0.0323401209,DNMT3A__Alligator_mississippiensis__XP_059583600_1,2.0052918076,True,62.00631759542989
DNMT3L__Mus_caroli,DNMT3L__Mus_musculus,0.0323401209,DNMT3A__Alligator_mississippiensis__XP_059583600_1,2.0083895693,True,62.102104550264684
DNMT3L__Alligator_mississippiensis,DNMT3L__Alligator_sinensis,0.026703258100000002,DNMT3A__Alligator_mississippiensis__XP_059583600_1,1.6725450987000001,True,62.63449547753875
DNMT3L__Meriones_unguiculatus,DNMT3L__Psammomys_obesus,0.0310221521,DNMT3A__Alligator_mississippiensis__XP_059583600_1,1.9473276002,True,62.772163385789085
DNMT3L__Psammomys_obesus,DNMT3L__Meriones_unguiculatus,0.0310221521,DNMT3A__Alligator_mississippiensis__XP_059583600_1,1.9539856997,True,62.986787422140196
DNMT3L__Phyllostomus_discolor,DNMT3L__Phyllostomus_hastatus,0.028765499700000002,DNMT3A__Alligator_mississippiensis__XP_059583600_1,1.8124591234,True,63.00808754592919
DNMT3L__Alligator_sinensis,DNMT3L__Alligator_mississippiensis,0.026703258100000002,DNMT3A__Alligator_mississippiensis__XP_059583600_1,1.6915971804,True,63.347969527358906
DNMT3L__Phyllostomus_hastatus,DNMT3L__Phyllostomus_discolor,0.028765499700000002,DNMT3A__Alligator_mississippiensis__XP_059583600_1,1.8226852995,True,63.36358896974072
DNMT3L__Myodes_glareolus,DNMT3L__Arvicola_amphibius,0.0310809761,DNMT3A__Alligator_mississippiensis__XP_059583600_1,1.9699144178999999,True,63.38006926043741
DNMT3L__Hyaena_hyaena,DNMT3L__Crocuta_crocuta,0.026746876500000002,DNMT3A__Alligator_mississippiensis__XP_059583600_1,1.7081495422,True,63.86351476218166
DNMT3L__Arvicola_amphibius,DNMT3L__Myodes_glareolus,0.0310809761,DNMT3A__Alligator_mississippiensis__XP_059583600_1,1.9854585906,True,63.88018781044653
DNMT3L__Crocuta_crocuta,DNMT3L__Hyaena_hyaena,0.026746876500000002,DNMT3A__Alligator_mississippiensis__XP_059583600_1,1.7302351939,True,64.68924301871286
DNMT3L__Pteropus_vampyrus,DNMT3L__Pteropus_alecto,0.0281655453,DNMT3A__Alligator_mississippiensis__XP_059583600_1,1.8792866881,True,66.72289380813089
DNMT3L__Pteropus_alecto,DNMT3L__Pteropus_vampyrus,0.0281655453,DNMT3A__Alligator_mississippiensis__XP_059583600_1,1.9074476966,True,67.72273273189566
DNMT3L__Canis_lupus_baileyi,DNMT3L__Vulpes_vulpes,0.025361428999999998,DNMT3A__Alligator_mississippiensis__XP_059583600_1,1.7833977231999998,True,70.31929167713696
DNMT3L__Odocoileus_virginianus,DNMT3L__Muntiacus_reevesi,0.0213969691,DNMT3A__Alligator_mississippiensis__XP_059583600_1,1.6501038531,True,77.11857905613371
DNMT3L__Miniopterus_schreibersii,DNMT3L__Miniopterus_natalensis,0.0216341277,DNMT3A__Alligator_mississippiensis__XP_059583600_1,1.7027622438,True,78.70722903239589
DNMT3L__Miniopterus_natalensis,DNMT3L__Miniopterus_schreibersii,0.0216341277,DNMT3A__Alligator_mississippiensis__XP_059583600_1,1.7057588639,True,78.84574259492793
DNMT3L__Mauremys_reevesii,DNMT3L__Mauremys_mutica,0.0195342979,DNMT3A__Alligator_mississippiensis__XP_059583600_1,1.5898856932,True,81.38944646687301
DNMT3L__Mauremys_mutica,DNMT3L__Mauremys_reevesii,0.0195342979,DNMT3A__Alligator_mississippiensis__XP_059583600_1,1.5950869475,True,81.65570913608316
DNMT3L__Budorcas_taxicolor,DNMT3L__Ovis_aries,0.0197765134,DNMT3A__Alligator_mississippiensis__XP_059583600_1,1.6374663608,True,82.79853620709503
DNMT3L__Onychomys_torridus,DNMT3L__Peromyscus_eremicus,0.0237010526,DNMT3A__Alligator_mississippiensis__XP_059583600_1,1.9675457517,True,83.01512109635163
DNMT3L__Oryx_dammah,DNMT3L__Ovis_aries,0.0184596115,DNMT3A__Alligator_mississippiensis__XP_059583600_1,1.6256621077,True,88.06588956111021
DNMT3L__Odobenus_rosmarus_divergens,DNMT3L__Callorhinus_ursinus,0.0187433713,DNMT3A__Alligator_mississippiensis__XP_059583600_1,1.6563467159999998,True,88.3697329305961
DNMT3L__Lagenorhynchus_albirostris,DNMT3L__Grampus_griseus,0.0189357868,DNMT3A__Alligator_mississippiensis__XP_059583600_1,1.6828500598,True,88.87140933589303
DNMT3L__Leucopleurus_acutus,DNMT3L__Grampus_griseus,0.0186736501,DNMT3A__Alligator_mississippiensis__XP_059583600_1,1.6924901531,True,90.63520758054688
DNMT3L__Neofelis_nebulosa,DNMT3L__Herpailurus_yagouaroundi,0.018684707499999998,DNMT3A__Alligator_mississippiensis__XP_059583600_1,1.7103144740999998,True,91.53552305274246
DNMT3L__Podarcis_melisellensis,DNMT3L__Podarcis_cretensis,0.0194531681,DNMT3A__Alligator_mississippiensis__XP_059583600_1,1.8292123176000001,True,94.03158951780199
DNMT3L__Colobus_angolensis_palliatus,DNMT3L__Rhinopithecus_roxellana,0.0181149707,DNMT3A__Alligator_mississippiensis__XP_059583600_1,1.7199227142,True,94.94482451467614
DNMT3L__Piliocolobus_tephrosceles,DNMT3L__Rhinopithecus_roxellana,0.0180636827,DNMT3A__Alligator_mississippiensis__XP_059583600_1,1.7198714261999999,True,95.21156094044986
DNMT3L__Rhinolophus_ferrumequinum,DNMT3L__Rhinolophus_sinicus,0.01722461,DNMT3A__Alligator_mississippiensis__XP_059583600_1,1.7033423985,True,98.8900415452077
DNMT3L__Rhinolophus_sinicus,DNMT3L__Rhinolophus_ferrumequinum,0.01722461,DNMT3A__Alligator_mississippiensis__XP_059583600_1,1.7090262205,True,99.22002416890716
DNMT3L__Ceratotherium_simum_simum,DNMT3L__Diceros_bicornis_minor,0.0156667591,DNMT3A__Alligator_mississippiensis__XP_059583600_1,1.5746050556,True,100.50611269053087
DNMT3L__Diceros_bicornis_minor,DNMT3L__Ceratotherium_simum_simum,0.0156667591,DNMT3A__Alligator_mississippiensis__XP_059583600_1,1.5829537535,True,101.03900515710362
DNMT3L__Trachemys_scripta_elegans,DNMT3L__Malaclemys_terrapin_pileata,0.0155704544,DNMT3A__Alligator_mississippiensis__XP_059583600_1,1.6115279284000001,True,103.49909431031121
DNMT3L__Leptonychotes_weddellii,DNMT3L__Phoca_vitulina,0.0160314343,DNMT3A__Alligator_mississippiensis__XP_059583600_1,1.6615059290999998,True,103.64050390051499
DNMT3L__Malaclemys_terrapin_pileata,DNMT3L__Trachemys_scripta_elegans,0.0155704544,DNMT3A__Alligator_mississippiensis__XP_059583600_1,1.615425077,True,103.74938556706476
DNMT3L__Chlorocebus_sabaeus,DNMT3L__Mandrillus_leucophaeus,0.0156344699,DNMT3A__Alligator_mississippiensis__XP_059583600_1,1.7174306552999998,True,109.84898536918095
DNMT3L__Canis_lupus_dingo,DNMT3L__Canis_lupus_familiaris,0.0170536559,DNMT3A__Alligator_mississippiensis__XP_059583600_1,1.8905805479,True,110.86071860403845
DNMT3L__Marmota_monax,DNMT3L__Marmota_flaviventris,0.0158146085,DNMT3A__Alligator_mississippiensis__XP_059583600_1,1.7726921779999998,True,112.09206841889255
DNMT3L__Chionomys_nivalis,DNMT3L__Microtus_pennsylvanicus,0.017802207,DNMT3A__Alligator_mississippiensis__XP_059583600_1,1.9956315899,True,112.10023509444643
DNMT3L__Marmota_flaviventris,DNMT3L__Marmota_monax,0.0158146085,DNMT3A__Alligator_mississippiensis__XP_059583600_1,1.7780807886999999,True,112.43280468814639
DNMT3L__Podarcis_muralis,DNMT3L__Podarcis_bocagei,0.015215108199999999,DNMT3A__Alligator_mississippiensis__XP_059583600_1,1.8388415770000002,True,120.85629315472106
DNMT3L__Vicugna_pacos,DNMT3L__Camelus_dromedarius,0.0130547309,DNMT3A__Alligator_mississippiensis__XP_059583600_1,1.6025674456999999,True,122.75760090160111
DNMT3L__Bubalus_kerabau,DNMT3L__Bubalus_bubalis,0.013081706700000001,DNMT3A__Alligator_mississippiensis__XP_059583600_1,1.6281510723,True,124.46014190946505
DNMT3L__Balaenoptera_musculus,DNMT3L__Balaenoptera_acutorostrata,0.0132686814,DNMT3A__Alligator_mississippiensis__XP_059583600_1,1.6562862898,True,124.82674350745961
DNMT3L__Bubalus_bubalis,DNMT3L__Bubalus_kerabau,0.013081706700000001,DNMT3A__Alligator_mississippiensis__XP_059583600_1,1.6360033334,True,125.06038936035769
DNMT3L__Eubalaena_glacialis,DNMT3L__Balaenoptera_borealis,0.0131069,DNMT3A__Alligator_mississippiensis__XP_059583600_1,1.6431141566,True,125.36253092645859
DNMT3L__Pseudorca_crassidens,DNMT3L__Globicephala_melas,0.013415093199999999,DNMT3A__Alligator_mississippiensis__XP_059583600_1,1.6951285442,True,126.3598037619299
DNMT3L__Balaenoptera_physalus,DNMT3L__Balaenoptera_acutorostrata,0.0129740642,DNMT3A__Alligator_mississippiensis__XP_059583600_1,1.6508128925999999,True,127.23945767125153
DNMT3L__Stenella_coeruleoalba,DNMT3L__Globicephala_melas,0.013208611499999998,DNMT3A__Alligator_mississippiensis__XP_059583600_1,1.6949220624999999,True,128.31947267886562
DNMT3L__Lynx_canadensis,DNMT3L__Lynx_rufus,0.0133433649,DNMT3A__Alligator_mississippiensis__XP_059583600_1,1.71322784,True,128.39548740812748
DNMT3L__Leopardus_geoffroyi,DNMT3L__Herpailurus_yagouaroundi,0.0132216668,DNMT3A__Alligator_mississippiensis__XP_059583600_1,1.6997020286,True,128.55429306386696
DNMT3L__Lynx_rufus,DNMT3L__Lynx_canadensis,0.0133433649,DNMT3A__Alligator_mississippiensis__XP_059583600_1,1.7212728373,True,128.99840858732716
DNMT3L__Macaca_fascicularis,DNMT3L__Macaca_thibetana_thibetana,0.013268169600000001,DNMT3A__Alligator_mississippiensis__XP_059583600_1,1.7176861258999998,True,129.4591626187835
DNMT3L__Trachypithecus_francoisi,DNMT3L__Rhinopithecus_roxellana,0.0129434833,DNMT3A__Alligator_mississippiensis__XP_059583600_1,1.7199028472,True,132.8778974976543
DNMT3L__Chelonoidis_abingdonii,DNMT3L__Gopherus_evgoodei,0.0114822448,DNMT3A__Alligator_mississippiensis__XP_059583600_1,1.5744504144,True,137.12043610148427
DNMT3L__Protobothrops_mucrosquamatus,DNMT3L__Crotalus_tigris,0.0130380409,DNMT3A__Alligator_mississippiensis__XP_059583600_1,1.9056913084,True,146.16393084025376
DNMT3L__Muntiacus_reevesi,DNMT3L__Cervus_elaphus,0.011138215199999999,DNMT3A__Alligator_mississippiensis__XP_059583600_1,1.628708884,True,146.22709785675536
DNMT3L__Crotalus_tigris,DNMT3L__Protobothrops_mucrosquamatus,0.0130380409,DNMT3A__Alligator_mississippiensis__XP_059583600_1,1.9082871401000001,True,146.36302760025856
DNMT3L__Dama_dama,DNMT3L__Cervus_canadensis,0.011125868099999998,DNMT3A__Alligator_mississippiensis__XP_059583600_1,1.6509654379,True,148.38980860289007
DNMT3L__Equus_asinus,DNMT3L__Equus_caballus,0.0104816887,DNMT3A__Alligator_mississippiensis__XP_059583600_1,1.5697678924,True,149.76288051752576
DNMT3L__Lepidochelys_kempii,DNMT3L__Eretmochelys_imbricata,0.0103021811,DNMT3A__Alligator_mississippiensis__XP_059583600_1,1.5627655747,True,151.69269104578254
DNMT3L__Caretta_caretta,DNMT3L__Lepidochelys_kempii,0.0103064569,DNMT3A__Alligator_mississippiensis__XP_059583600_1,1.5679426368,True,152.1320713813881
DNMT3L__Eretmochelys_imbricata,DNMT3L__Lepidochelys_kempii,0.0103021811,DNMT3A__Alligator_mississippiensis__XP_059583600_1,1.567938361,True,152.19479698333006
DNMT3L__Orcinus_orca,DNMT3L__Globicephala_melas,0.0110892835,DNMT3A__Alligator_mississippiensis__XP_059583600_1,1.6928007345,True,152.65194856818297
DNMT3L__Neomonachus_schauinslandi,DNMT3L__Mirounga_angustirostris,0.0106732701,DNMT3A__Alligator_mississippiensis__XP_059583600_1,1.6613898802999998,True,155.6589372080071
DNMT3L__Alexandromys_fortis,DNMT3L__Microtus_ochrogaster,0.0128686429,DNMT3A__Alligator_mississippiensis__XP_059583600_1,2.0115943109999996,True,156.31751744389456
DNMT3L__Eschrichtius_robustus,DNMT3L__Balaenoptera_borealis,0.0104383734,DNMT3A__Alligator_mississippiensis__XP_059583600_1,1.6457269082,True,157.66124137693714
DNMT3L__Mesoplodon_densirostris,DNMT3L__Mesoplodon_mirus,0.0104466205,DNMT3A__Alligator_mississippiensis__XP_059583600_1,1.6620237624,True,159.096787559192
DNMT3L__Neophocaena_asiaeorientalis_asiaeorientalis,DNMT3L__Phocoena_phocoena,0.010475279300000001,DNMT3A__Alligator_mississippiensis__XP_059583600_1,1.6772154005,True,160.11175954993388
DNMT3L__Herpailurus_yagouaroundi,DNMT3L__Panthera_leo,0.0105244868,DNMT3A__Alligator_mississippiensis__XP_059583600_1,1.6968211588,True,161.2260237525311
DNMT3L__Prionailurus_bengalensis,DNMT3L__Prionailurus_viverrinus,0.0105579781,DNMT3A__Alligator_mississippiensis__XP_059583600_1,1.7046623733,True,161.45727497767777
DNMT3L__Prionailurus_viverrinus,DNMT3L__Prionailurus_bengalensis,0.0105579781,DNMT3A__Alligator_mississippiensis__XP_059583600_1,1.7047541078,True,161.46596362043977
DNMT3L__Notechis_scutatus,DNMT3L__Pseudonaja_textilis,0.011724807600000001,DNMT3A__Alligator_mississippiensis__XP_059583600_1,1.897241151,True,161.81426729765695
DNMT3L__Pseudonaja_textilis,DNMT3L__Notechis_scutatus,0.011724807600000001,DNMT3A__Alligator_mississippiensis__XP_059583600_1,1.9089614292000001,True,162.81388098854603
DNMT3L__Macaca_nemestrina,DNMT3L__Macaca_thibetana_thibetana,0.0103144455,DNMT3A__Alligator_mississippiensis__XP_059583600_1,1.7095452459999998,True,165.74281632492992
DNMT3L__Macaca_thibetana_thibetana,DNMT3L__Macaca_nemestrina,0.0103144455,DNMT3A__Alligator_mississippiensis__XP_059583600_1,1.7107299380999998,True,165.85767389046748
DNMT3L__Myotis_daubentonii,DNMT3L__Myotis_nattereri,0.010433906500000001,DNMT3A__Alligator_mississippiensis__XP_059583600_1,1.7683936435,True,169.4852875574455
DNMT3L__Microtus_oregoni,DNMT3L__Microtus_ochrogaster,0.0108798451,DNMT3A__Alligator_mississippiensis__XP_059583600_1,2.0096075314,True,184.7092043065944
DNMT3L__Mustela_lutreola,DNMT3L__Mustela_nigripes,0.009268797,DNMT3A__Alligator_mississippiensis__XP_059583600_1,1.7338983649,True,187.06832881332926
DNMT3L__Rattus_rattus,DNMT3L__Rattus_norvegicus,0.010179017299999999,DNMT3A__Alligator_mississippiensis__XP_059583600_1,1.9373638878,True,190.32916741383278
DNMT3L__Rattus_norvegicus,DNMT3L__Rattus_rattus,0.010179017299999999,DNMT3A__Alligator_mississippiensis__XP_059583600_1,1.9424338376999999,True,190.8272459365994
DNMT3L__Camelus_dromedarius,DNMT3L__Camelus_bactrianus,0.0078117239,DNMT3A__Alligator_mississippiensis__XP_059583600_1,1.6104413762,True,206.1569759525167
DNMT3L__Manis_javanica,DNMT3L__Manis_pentadactyla,0.007940331,DNMT3A__Alligator_mississippiensis__XP_059583600_1,1.6385919438999998,True,206.3631785501133
DNMT3L__Manis_pentadactyla,DNMT3L__Manis_javanica,0.007940331,DNMT3A__Alligator_mississippiensis__XP_059583600_1,1.6432295266999999,True,206.94723264055364
DNMT3L__Gopherus_evgoodei,DNMT3L__Gopherus_flavomarginatus,0.0075947084000000005,DNMT3A__Alligator_mississippiensis__XP_059583600_1,1.578344309,True,207.82158127361413
DNMT3L__Bos_indicus,DNMT3L__Bos_indicus_x_Bos_taurus,0.007828095699999999,DNMT3A__Alligator_mississippiensis__XP_059583600_1,1.6307673421,True,208.3223563682289
DNMT3L__Bos_mutus,DNMT3L__Bos_indicus,0.0078378203,DNMT3A__Alligator_mississippiensis__XP_059583600_1,1.6333875746,True,208.39819134409092
DNMT3L__Bos_indicus_x_Bos_taurus,DNMT3L__Bos_indicus,0.007828095699999999,DNMT3A__Alligator_mississippiensis__XP_059583600_1,1.6333821506,True,208.6563850516033
DNMT3L__Gopherus_flavomarginatus,DNMT3L__Gopherus_evgoodei,0.0075947084000000005,DNMT3A__Alligator_mississippiensis__XP_059583600_1,1.5859370174,True,208.8213179323646
DNMT3L__Saccopteryx_leptura,DNMT3L__Saccopteryx_bilineata,0.0078486659,DNMT3A__Alligator_mississippiensis__XP_059583600_1,1.6514289409,True,210.40887227726182
DNMT3L__Saccopteryx_bilineata,DNMT3L__Saccopteryx_leptura,0.0078486659,DNMT3A__Alligator_mississippiensis__XP_059583600_1,1.6592756068,True,211.40861745688528
DNMT3L__Mesoplodon_bidens,DNMT3L__Mesoplodon_mirus,0.0078670518,DNMT3A__Alligator_mississippiensis__XP_059583600_1,1.6649638146999999,True,211.6375812728219
DNMT3L__Balaenoptera_acutorostrata,DNMT3L__Balaenoptera_borealis,0.007729073600000001,DNMT3A__Alligator_mississippiensis__XP_059583600_1,1.6430196084,True,212.57652513491394
DNMT3L__Phocoena_phocoena,DNMT3L__Phocoena_sinus,0.0078358865,DNMT3A__Alligator_mississippiensis__XP_059583600_1,1.6771641324,True,214.03629728429578
DNMT3L__Phocoena_sinus,DNMT3L__Phocoena_phocoena,0.0078358865,DNMT3A__Alligator_mississippiensis__XP_059583600_1,1.6797794018999999,True,214.37005269282548
DNMT3L__Panthera_onca,DNMT3L__Panthera_leo,0.007966401599999999,DNMT3A__Alligator_mississippiensis__XP_059583600_1,1.710116655,True,214.6661367159798
DNMT3L__Vulpes_vulpes,DNMT3L__Vulpes_lagopus,0.0081310617,DNMT3A__Alligator_mississippiensis__XP_059583600_1,1.7786129981999999,True,218.74302075459588
DNMT3L__Vulpes_lagopus,DNMT3L__Vulpes_vulpes,0.0081310617,DNMT3A__Alligator_mississippiensis__XP_059583600_1,1.7813123822999999,True,219.0750049652187
DNMT3L__Podarcis_cretensis,DNMT3L__Podarcis_erhardii,0.0083001138,DNMT3A__Alligator_mississippiensis__XP_059583600_1,1.8263749837,True,220.0421617954202
DNMT3L__Podarcis_pityusensis,DNMT3L__Podarcis_cretensis,0.0083055423,DNMT3A__Alligator_mississippiensis__XP_059583600_1,1.8291597116,True,220.2336278029672
DNMT3L__Podarcis_erhardii,DNMT3L__Podarcis_cretensis,0.0083001138,DNMT3A__Alligator_mississippiensis__XP_059583600_1,1.8291542831,True,220.3770125537315
DNMT3L__Theropithecus_gelada,DNMT3L__Papio_anubis,0.0077032516,DNMT3A__Alligator_mississippiensis__XP_059583600_1,1.6992960926999998,True,220.59465027729328
DNMT3L__Papio_anubis,DNMT3L__Theropithecus_gelada,0.0077032516,DNMT3A__Alligator_mississippiensis__XP_059583600_1,1.7069973443,True,221.59439064667185
DNMT3L__Felis_catus,DNMT3L__Acinonyx_jubatus,0.008113649399999999,DNMT3A__Alligator_mississippiensis__XP_059583600_1,1.8031999715,True,222.2427766597852
DNMT3L__Acinonyx_jubatus,DNMT3L__Felis_catus,0.008113649399999999,DNMT3A__Alligator_mississippiensis__XP_059583600_1,1.8113116209,True,223.2425301615818
DNMT3L__Cebus_imitator,DNMT3L__Sapajus_apella,0.0075441614,DNMT3A__Alligator_mississippiensis__XP_059583600_1,1.7551676715,True,232.65245511581978
DNMT3L__Sapajus_apella,DNMT3L__Cebus_imitator,0.0075441614,DNMT3A__Alligator_mississippiensis__XP_059583600_1,1.7576872418999998,True,232.986431321578
DNMT3L__Microtus_pennsylvanicus,DNMT3L__Microtus_ochrogaster,0.008198932999999999,DNMT3A__Alligator_mississippiensis__XP_059583600_1,2.0032559945,True,244.33130439046158
DNMT3L__Microtus_ochrogaster,DNMT3L__Microtus_pennsylvanicus,0.008198932999999999,DNMT3A__Alligator_mississippiensis__XP_059583600_1,2.0063982407,True,244.71455501587832
DNMT3L__Canis_lupus_familiaris,DNMT3L__Canis_aureus,0.0065198664,DNMT3A__Alligator_mississippiensis__XP_059583600_1,1.8795778371999998,True,288.28471657026586
DNMT3L__Canis_aureus,DNMT3L__Canis_lupus_familiaris,0.0065198664,DNMT3A__Alligator_mississippiensis__XP_059583600_1,1.8800467583999998,True,288.3566384734509
DNMT3L__Natator_depressus,DNMT3L__Chelonia_mydas,0.0051446998,DNMT3A__Alligator_mississippiensis__XP_059583600_1,1.560037732,True,303.2320237616197
DNMT3L__Chelonia_mydas,DNMT3L__Natator_depressus,0.0051446998,DNMT3A__Alligator_mississippiensis__XP_059583600_1,1.5600431926,True,303.2330851646582
DNMT3L__Capricornis_sumatraensis,DNMT3L__Ovis_aries,0.0052437126,DNMT3A__Alligator_mississippiensis__XP_059583600_1,1.6281629605999999,True,310.498130770935
DNMT3L__Callorhinus_ursinus,DNMT3L__Eumetopias_jubatus,0.0052170918,DNMT3A__Alligator_mississippiensis__XP_059583600_1,1.6480639634999998,True,315.8970604082527
DNMT3L__Phoca_vitulina,DNMT3L__Mirounga_angustirostris,0.0052201536,DNMT3A__Alligator_mississippiensis__XP_059583600_1,1.6506991417999999,True,316.21658446985157
DNMT3L__Mirounga_angustirostris,DNMT3L__Phoca_vitulina,0.0052201536,DNMT3A__Alligator_mississippiensis__XP_059583600_1,1.6559172953999999,True,317.21620133936284
DNMT3L__Mandrillus_leucophaeus,DNMT3L__Rhinopithecus_roxellana,0.0051631785,DNMT3A__Alligator_mississippiensis__XP_059583600_1,1.7018001853999998,True,329.60320573848065
DNMT3L__Podarcis_bocagei,DNMT3L__Podarcis_vaucheri,0.0055310595,DNMT3A__Alligator_mississippiensis__XP_059583600_1,1.8291273662,True,330.7010828937928
DNMT3L__Podarcis_vaucheri,DNMT3L__Podarcis_bocagei,0.0055310595,DNMT3A__Alligator_mississippiensis__XP_059583600_1,1.8346564257,True,331.7007212994183
DNMT3L__Myotis_nattereri,DNMT3L__Myotis_myotis,0.0052033077,DNMT3A__Alligator_mississippiensis__XP_059583600_1,1.7631328392,True,338.84846733165523
DNMT3L__Myotis_myotis,DNMT3L__Myotis_nattereri,0.0052033077,DNMT3A__Alligator_mississippiensis__XP_059583600_1,1.7683341469,True,339.84808296076744
DNMT3L__Pan_troglodytes,DNMT3L__Pan_paniscus,0.005026551000000001,DNMT3A__Alligator_mississippiensis__XP_059583600_1,1.7240673709999998,True,342.9921174578751
DNMT3L__Pan_paniscus,DNMT3L__Pan_troglodytes,0.005026551000000001,DNMT3A__Alligator_mississippiensis__XP_059583600_1,1.7241215881999998,True,343.0029036211907
DNMT3L__Nomascus_leucogenys,DNMT3L__Hylobates_moloch,0.0050338412,DNMT3A__Alligator_mississippiensis__XP_059583600_1,1.7298269337999999,True,343.63955179992564
DNMT3L__Peromyscus_eremicus,DNMT3L__Peromyscus_californicus_insignis,0.0051998009,DNMT3A__Alligator_mississippiensis__XP_059583600_1,1.9632246786999998,True,377.55766354438686
DNMT3L__Peromyscus_californicus_insignis,DNMT3L__Peromyscus_eremicus,0.0051998009,DNMT3A__Alligator_mississippiensis__XP_059583600_1,1.9684224795999998,True,378.55727891427534
DNMT3L__Ovis_aries,DNMT3L__Ovis_canadensis,0.0033905246000000004,DNMT3A__Alligator_mississippiensis__XP_059583600_1,1.622923248,True,478.66434828403834
DNMT3L__Ovis_canadensis,DNMT3L__Ovis_aries,0.0033905246000000004,DNMT3A__Alligator_mississippiensis__XP_059583600_1,1.6263117726,True,479.66375840482027
DNMT3L__Balaenoptera_borealis,DNMT3L__Balaenoptera_ricei,0.002616905,DNMT3A__Alligator_mississippiensis__XP_059583600_1,1.640402506,True,626.8483212038649
DNMT3L__Bison_bison_bison,DNMT3L__Bos_javanicus,0.0026162283999999997,DNMT3A__Alligator_mississippiensis__XP_059583600_1,1.6413617333,True,627.3770796540547
DNMT3L__Balaenoptera_ricei,DNMT3L__Balaenoptera_borealis,0.002616905,DNMT3A__Alligator_mississippiensis__XP_059583600_1,1.643017411,True,627.8475569422658
DNMT3L__Grampus_griseus,DNMT3L__Globicephala_melas,0.002640478,DNMT3A__Alligator_mississippiensis__XP_059583600_1,1.679076973,True,635.8988686896842
DNMT3L__Mesoplodon_mirus,DNMT3L__Hyperoodon_ampullatus,0.0026128783,DNMT3A__Alligator_mississippiensis__XP_059583600_1,1.6623325463,True,636.2074139847998
DNMT3L__Globicephala_melas,DNMT3L__Grampus_griseus,0.002640478,DNMT3A__Alligator_mississippiensis__XP_059583600_1,1.681715451,True,636.8981112510689
DNMT3L__Hyperoodon_ampullatus,DNMT3L__Mesoplodon_mirus,0.0026128783,DNMT3A__Alligator_mississippiensis__XP_059583600_1,1.6649434245999999,True,637.206648545399
DNMT3L__Tursiops_truncatus,DNMT3L__Delphinus_delphis,0.0026394228,DNMT3A__Alligator_mississippiensis__XP_059583600_1,1.6870092452,True,639.1583967525021
DNMT3L__Delphinus_delphis,DNMT3L__Tursiops_truncatus,0.0026394228,DNMT3A__Alligator_mississippiensis__XP_059583600_1,1.689646668,True,640.1576390110747
DNMT3L__Panthera_uncia,DNMT3L__Panthera_leo,0.0026588795,DNMT3A__Alligator_mississippiensis__XP_059583600_1,1.7048091329,True,641.175778330684
DNMT3L__Panthera_tigris,DNMT3L__Panthera_leo,0.0026543404,DNMT3A__Alligator_mississippiensis__XP_059583600_1,1.7048025938,True,642.2697683386803
DNMT3L__Mustela_nigripes,DNMT3L__Mustela_putorius_furo,0.002655712,DNMT3A__Alligator_mississippiensis__XP_059583600_1,1.7299501786999998,True,651.4072981934787
DNMT3L__Mustela_putorius_furo,DNMT3L__Mustela_nigripes,0.002655712,DNMT3A__Alligator_mississippiensis__XP_059583600_1,1.7326038906999999,True,652.4065450997698
DNMT3L__Rhinopithecus_roxellana,DNMT3L__Rhinopithecus_bieti,0.0025566961000000003,DNMT3A__Alligator_mississippiensis__XP_059583600_1,1.7069613638999999,True,667.6434340006228
DNMT3L__Rhinopithecus_bieti,DNMT3L__Rhinopithecus_roxellana,0.0025566961000000003,DNMT3A__Alligator_mississippiensis__XP_059583600_1,1.70951606,True,668.6426517410496
DNMT3L__Homo_sapiens,DNMT3L__Gorilla_gorilla_gorilla,0.0025166868,DNMT3A__Alligator_mississippiensis__XP_059583600_1,1.7165090444,True,682.0511175248346
DNMT3L__Gorilla_gorilla_gorilla,DNMT3L__Homo_sapiens,0.0025166868,DNMT3A__Alligator_mississippiensis__XP_059583600_1,1.7190217311999998,True,683.0495281335761
DNMT3L__Peromyscus_leucopus,DNMT3L__Peromyscus_maniculatus_bairdii,0.0025850044000000003,DNMT3A__Alligator_mississippiensis__XP_059583600_1,1.9680314434,True,761.3261483810239
DNMT3L__Peromyscus_maniculatus_bairdii,DNMT3L__Peromyscus_leucopus,0.0025850044000000003,DNMT3A__Alligator_mississippiensis__XP_059583600_1,1.9706144477999998,True,762.3253746879501
DNMT3L__Cervus_elaphus,DNMT3L__Cervus_canadensis,3e-06,DNMT3A__Alligator_mississippiensis__XP_059583600_1,1.6398405698,True,546613.5232666667
DNMT3L__Cervus_canadensis,DNMT3L__Cervus_elaphus,3e-06,DNMT3A__Alligator_mississippiensis__XP_059583600_1,1.6398415698,True,546613.8565999999
DNMT3L__Equus_caballus,DNMT3L__Equus_przewalskii,2e-06,DNMT3A__Alligator_mississippiensis__XP_059583600_1,1.5697278385,True,784863.91925
DNMT3L__Equus_przewalskii,DNMT3L__Equus_caballus,2e-06,DNMT3A__Alligator_mississippiensis__XP_059583600_1,1.5697278385,True,784863.91925
DNMT3L__Camelus_bactrianus,DNMT3L__Camelus_ferus,2e-06,DNMT3A__Alligator_mississippiensis__XP_059583600_1,1.6130260821,True,806513.04105
DNMT3L__Camelus_ferus,DNMT3L__Camelus_bactrianus,2e-06,DNMT3A__Alligator_mississippiensis__XP_059583600_1,1.6130260821,True,806513.04105
DNMT3L__Loxodonta_africana,DNMT3L__Elephas_maximus_indicus,2e-06,DNMT3A__Alligator_mississippiensis__XP_059583600_1,1.6377180604000001,True,818859.0302000002
DNMT3L__Elephas_maximus_indicus,DNMT3L__Loxodonta_africana,2e-06,DNMT3A__Alligator_mississippiensis__XP_059583600_1,1.6377180604000001,True,818859.0302000002
DNMT3L__Bos_javanicus,DNMT3L__Bos_taurus,2e-06,DNMT3A__Alligator_mississippiensis__XP_059583600_1,1.6387495049,True,819374.75245
DNMT3L__Bos_taurus,DNMT3L__Bos_javanicus,2e-06,DNMT3A__Alligator_mississippiensis__XP_059583600_1,1.6387495049,True,819374.75245
DNMT3L__Eumetopias_jubatus,DNMT3L__Zalophus_californianus,2e-06,DNMT3A__Alligator_mississippiensis__XP_059583600_1,1.6532790552999999,True,826639.52765
DNMT3L__Zalophus_californianus,DNMT3L__Eumetopias_jubatus,2e-06,DNMT3A__Alligator_mississippiensis__XP_059583600_1,1.6532790552999999,True,826639.52765
DNMT3L__Panthera_leo,DNMT3L__Panthera_pardus,2e-06,DNMT3A__Alligator_mississippiensis__XP_059583600_1,1.7021542533999998,True,851077.1266999999
DNMT3L__Panthera_pardus,DNMT3L__Panthera_leo,2e-06,DNMT3A__Alligator_mississippiensis__XP_059583600_1,1.7021542533999998,True,851077.1266999999
DNMT3L__Hylobates_moloch,DNMT3L__Symphalangus_syndactylus,2e-06,DNMT3A__Alligator_mississippiensis__XP_059583600_1,1.724799622,True,862399.811
DNMT3L__Symphalangus_syndactylus,DNMT3L__Hylobates_moloch,2e-06,DNMT3A__Alligator_mississippiensis__XP_059583600_1,1.724799622,True,862399.811
DNMT3L__Pongo_abelii,DNMT3L__Pongo_pygmaeus,2e-06,DNMT3A__Alligator_mississippiensis__XP_059583600_1,1.7291820444,True,864591.0222
DNMT3L__Pongo_pygmaeus,DNMT3L__Pongo_abelii,2e-06,DNMT3A__Alligator_mississippiensis__XP_059583600_1,1.7291820444,True,864591.0222
