Clade,Human_Position,Human_Residue,Structural_Annotation,Records,Resolved_Records,Occupancy,Major_Residue,Major_Residue_Frequency,Human_State_Count,Human_State_Frequency,Amino_Acid_State_Count,Amino_Acid_Counts
Afrotheria,349,Q,UniProt/PDB Q348,7,7,1.0,Q,1.0,7,1.0,1,Q:7
Afrotheria,352,Q,UniProt/PDB Q351,7,7,1.0,P,0.42857142857142855,0,0.0,3,L:2;P:3;S:2
Amphibia,349,Q,UniProt/PDB Q348,2,2,1.0,K,0.5,0,0.0,2,E:1;K:1
Amphibia,352,Q,UniProt/PDB Q351,2,2,1.0,D,0.5,0,0.0,2,D:1;R:1
Euarchontoglires,349,Q,UniProt/PDB Q348,84,84,1.0,Q,0.8452380952380952,71,0.8452380952380952,6,E:1;G:1;H:9;Q:71;R:1;T:1
Euarchontoglires,352,Q,UniProt/PDB Q351,84,83,0.9880952380952381,Q,0.5421686746987951,45,0.5421686746987951,7,A:2;L:1;P:3;Q:45;R:7;S:1;T:24
Laurasiatheria,349,Q,UniProt/PDB Q348,119,117,0.9831932773109243,Q,0.7606837606837606,89,0.7606837606837606,9,E:3;G:1;H:2;L:1;P:7;Q:89;R:8;S:2;W:4
Laurasiatheria,352,Q,UniProt/PDB Q351,119,118,0.9915966386554622,Q,0.8050847457627118,95,0.8050847457627118,7,A:1;L:1;P:3;Q:95;R:16;S:1;T:1
Marsupialia,349,Q,UniProt/PDB Q348,12,12,1.0,Q,0.9166666666666666,11,0.9166666666666666,2,E:1;Q:11
Marsupialia,352,Q,UniProt/PDB Q351,12,12,1.0,Q,0.75,9,0.75,2,K:3;Q:9
Sauropsida,349,Q,UniProt/PDB Q348,42,41,0.9761904761904762,K,0.7560975609756098,0,0.0,3,D:4;E:6;K:31
Sauropsida,352,Q,UniProt/PDB Q351,42,42,1.0,L,0.47619047619047616,3,0.07142857142857142,8,C:13;H:1;I:1;L:20;Q:3;R:1;V:1;Y:2
Xenarthra,349,Q,UniProt/PDB Q348,3,3,1.0,Q,0.6666666666666666,2,0.6666666666666666,2,Q:2;W:1
Xenarthra,352,Q,UniProt/PDB Q351,3,3,1.0,Q,1.0,3,1.0,1,Q:3
