Scope,Aligner,ADD_Median_AA_Entropy,C_terminal_Median_AA_Entropy,ADD_Retained_Sites,C_terminal_Retained_Sites,ADD_to_C_terminal_Median_Ratio,ADD_Lower_Entropy
Euarchontoglires,MACSE,0.3685236238979135,0.6968781306641991,133,202,0.5288207617401786,True
Euarchontoglires,MAFFT,0.3685236238979135,0.6850972008699663,133,202,0.5379143622685163,True
Euarchontoglires,PRANK,0.3685236238979135,0.6384715360512476,133,202,0.5771966377344244,True
Laurasiatheria,MACSE,0.2237509176617256,0.4069451270069335,133,202,0.5498306843170857,True
Laurasiatheria,MAFFT,0.2167372361397963,0.5208547202254841,133,202,0.41611840638780856,True
Laurasiatheria,PRANK,0.2032215280237919,0.332805877265141,132,202,0.6106308268765598,True
Placentalia,MACSE,0.3353573318162513,0.685938801751615,133,202,0.48890269942432474,True
Placentalia,MAFFT,0.325470243004193,0.7257710203193073,133,202,0.44844755975651995,True
Placentalia,PRANK,0.3138129641688651,0.6484337535168776,133,201,0.48395531920855983,True
Sauropsida,MACSE,0.6902563586624817,0.5266170655714281,132,199,1.3107367834984418,False
Sauropsida,MAFFT,0.681078071825416,0.5916727785823275,132,199,1.1511059769511576,False
Sauropsida,PRANK,0.681078071825416,0.530980922468767,122,195,1.2826789871447366,False
