Scope,Domain,Eligible_Sites,Median_AA_Entropy,Mean_AA_Entropy,Median_Major_AA_Frequency,Invariant_Sites,Invariant_Fraction
Euarchontoglires,ADD,133,0.3685236238979135,0.5356804732138127,0.9404761904761904,45,0.3383458646616541
Euarchontoglires,C_terminal_MTase_like,201,0.6880150205502951,0.8397171162590723,0.8571428571428571,30,0.14925373134328357
Euarchontoglires,N_terminal,30,1.1897353605062344,1.209037888296025,0.6646604938271605,0,0.0
Euarchontoglires,linker,4,0.9770942273263308,0.9587167139010608,0.7976190476190477,0,0.0
Laurasiatheria,ADD,132,0.21758959597779615,0.4024681838382623,0.9662441247685515,28,0.21212121212121213
Laurasiatheria,C_terminal_MTase_like,201,0.4038618702789379,0.62503332319924,0.923728813559322,31,0.15422885572139303
Laurasiatheria,C_terminal_tail,7,0.7034220705694245,0.8109440875890002,0.8521739130434782,0,0.0
Laurasiatheria,N_terminal,33,0.910734062061482,0.8887254475072942,0.8095238095238095,0,0.0
Laurasiatheria,linker,4,0.6140687372421841,0.7445929902980435,0.8823529411764706,0,0.0
Placentalia,ADD,133,0.325470243004193,0.5526469571371407,0.9528301886792452,20,0.15037593984962405
Placentalia,C_terminal_MTase_like,200,0.6950581919565201,0.8604010300533329,0.865574171728634,16,0.08
Placentalia,N_terminal,29,1.10064142863361,1.2264652760761305,0.7563451776649747,0,0.0
Placentalia,linker,4,0.9064763469491415,0.9441325436190582,0.8474178403755868,0,0.0
Sauropsida,ADD,122,0.681078071825416,0.7543384090595786,0.8571428571428572,41,0.3360655737704918
Sauropsida,C_terminal_MTase_like,185,0.4844439338352438,0.6811547797806002,0.9047619047619048,37,0.2
Sauropsida,N_terminal,1,1.6976152505580997,1.6976152505580997,0.3684210526315789,0,0.0
Sauropsida,linker,1,1.5431227781702384,1.5431227781702384,0.6428571428571429,0,0.0
