Dataset,Scope,Aligner,BUSTED_LRT,BUSTED_p,BUSTED_background_proportion,BUSTED_q_across_12,BUSTED_q05
Euarchontoglires_MACSE,Euarchontoglires,MACSE,69.53871854711906,3.885780586188048e-16,,5.181040781584064e-16,True
Euarchontoglires_MAFFT,Euarchontoglires,MAFFT,72.58452983154712,1.110223024625157e-16,,1.6653345369377356e-16,True
Euarchontoglires_PRANK,Euarchontoglires,PRANK,5.478335789252014,0.0323120492948063,,0.0323120492948063,True
Laurasiatheria_MACSE,Laurasiatheria,MACSE,170.0165055250982,0.0,,0.0,True
Laurasiatheria_MAFFT,Laurasiatheria,MAFFT,229.702542945648,0.0,,0.0,True
Laurasiatheria_PRANK,Laurasiatheria,PRANK,33.90984980451321,2.165407708698552e-08,,2.5984892504382622e-08,True
Placentalia_MACSE,Placentalia,MACSE,224.5791602904355,0.0,,0.0,True
Placentalia_MAFFT,Placentalia,MAFFT,349.0824293233454,0.0,,0.0,True
Placentalia_PRANK,Placentalia,PRANK,101.2760851260246,0.0,,0.0,True
Sauropsida_MACSE,Sauropsida,MACSE,127.0929652220038,0.0,,0.0,True
Sauropsida_MAFFT,Sauropsida,MAFFT,111.2372709365009,0.0,,0.0,True
Sauropsida_PRANK,Sauropsida,PRANK,16.94869437678426,0.0001043777144004165,,0.0001138665975277271,True
