Scope,Human_Position,Domain,Structural_Region,Aligners_Tested,Alignment_Stable,Three_Aligner_AA_Concordance,Three_Aligner_Joint_Resolved_Fraction,Jointly_Resolved_Taxa,FUBAR_Positive_Aligners,FEL_Positive_q10_Aligners,FEL_Positive_q05_Aligners,Joint_Pervasive_q10_Aligners,Joint_Pervasive_q05_Aligners,MEME_q10_Aligners,MEME_q05_Aligners,Joint_Purifying_q05_Aligners,Robust_Pervasive_q10,Robust_Pervasive_q05,Robust_Episodic_q10,Robust_Episodic_q05,Robust_Purifying_q05,Aligner,Dataset,Filtered_Site,SpeciesTree_FUBAR_alpha,SpeciesTree_FUBAR_beta,SpeciesTree_FUBAR_PP_negative,SpeciesTree_FUBAR_PP_positive,SpeciesTree_FEL_alpha,SpeciesTree_FEL_beta,SpeciesTree_FEL_p,SpeciesTree_FEL_q,SpeciesTree_MEME_p,SpeciesTree_MEME_q,SpeciesTree_Joint_Pervasive_q10,SpeciesTree_Joint_Pervasive_q05,SpeciesTree_MEME_q10,SpeciesTree_MEME_q05
Euarchontoglires,33,N_terminal,other,3,True,1.0,0.9404761904761904,79,2,2,0,2,0,0,0,0,True,False,False,False,False,MACSE,Euarchontoglires_MACSE,33,0.8949552338556168,1.88671403683528,0.05872885134131119,0.8171727760476598,0.4436796959287787,1.079514697960137,0.07806029945757509,0.14014546786336737,0.06371542548075271,0.6825817860300618,False,False,False,False
Euarchontoglires,358,C_terminal_MTase_like,switching_helix_adjacent_loop,3,True,0.9620253164556962,0.9404761904761904,79,1,0,0,0,0,0,0,0,False,False,False,False,False,MACSE,Euarchontoglires_MACSE,357,1.017484823823163,2.563573347951303,0.04221447654917156,0.9084117236305123,0.6371048623786365,1.20706003886512,0.1965516458241093,0.2902478956858049,0.1946982983294149,0.6825817860300618,False,False,False,False
Laurasiatheria,50,ADD,other,3,True,0.9901960784313726,0.8571428571428571,102,0,0,0,0,0,2,2,0,False,False,True,True,False,MACSE,Laurasiatheria_MACSE,45,0.4289301451537232,0.5087145550468903,0.3397588353080717,0.5785338923464663,0.09492846484621349,0.2199955582755159,0.4083441595900172,0.5439829538594285,4.009880817612554e-06,0.0007638822957551915,False,False,True,True
Laurasiatheria,52,ADD,other,3,True,1.0,0.907563025210084,108,3,3,3,3,3,2,0,0,True,True,True,False,False,MACSE,Laurasiatheria_MACSE,47,0.3136611890590914,2.117727898509266,0.003049139528143942,0.9763229788168015,1.369203421898414e-06,1.020335382500659,0.002327387758355726,0.008693477803269917,0.004324867782327657,0.09154303472593542,True,True,True,False
Laurasiatheria,55,ADD,other,3,True,1.0,0.907563025210084,108,0,0,0,0,0,2,2,0,False,False,True,True,False,MACSE,Laurasiatheria_MACSE,50,1.261333010710799,0.2243812195654775,0.9617936202160652,0.02458389533429759,0.7360734665413531,0.08516821002427805,0.08721286880135415,0.15673633496847136,0.0009138657970110264,0.03165298806010919,False,False,True,True
Laurasiatheria,64,ADD,other,3,True,1.0,0.907563025210084,108,0,0,0,0,0,2,1,0,False,False,True,False,False,MACSE,Laurasiatheria_MACSE,59,0.6832048023563393,0.7489416047624634,0.3460218993929338,0.5800227183507962,6.734796504722917e-06,0.4244891592848233,0.2818680583108989,0.397747148949824,0.002748769407363238,0.06314856461070914,False,False,True,False
Laurasiatheria,65,ADD,other,3,True,1.0,0.907563025210084,108,0,0,0,0,0,2,0,0,False,False,True,False,False,MACSE,Laurasiatheria_MACSE,60,0.569827557024343,0.2088040215558278,0.7302178076754973,0.2049673068651,3.391109363557515e-05,0.07738355505614926,0.5162478349566089,0.6432257380982072,0.002295287644522248,0.0583003061708651,False,False,True,False
Laurasiatheria,129,ADD,other,3,True,1.0,0.9915966386554622,118,0,0,0,0,0,2,1,1,False,False,True,False,False,MACSE,Laurasiatheria_MACSE,124,1.512993545483917,0.6681554753574797,0.8787980825950801,0.0662191367693378,0.8597473791143228,0.3148211326015777,0.0934039677776286,0.1647542209410949,0.001332425636499823,0.03905032057741789,False,False,True,True
Laurasiatheria,172,ADD,other,3,True,0.9915966386554622,1.0,119,0,0,0,0,0,2,1,0,False,False,True,False,False,MACSE,Laurasiatheria_MACSE,167,0.5776014249024052,1.004478082709513,0.09045246303442916,0.8236667202536074,0.1555080711656262,0.6644751935616651,0.09135419996803762,0.16264462704589874,0.001449861758544224,0.039456952143239236,False,False,True,True
Laurasiatheria,249,C_terminal_MTase_like,other,3,True,1.0,1.0,119,0,0,0,0,0,2,0,0,False,False,True,False,False,MACSE,Laurasiatheria_MACSE,244,0.4879223553072178,0.3254403848634314,0.6213963881469851,0.2902311124559612,0.1238378217276092,0.1295265783420352,0.9767823929390718,1.0,0.005086341360475921,0.09689480291706629,False,False,True,False
Laurasiatheria,289,C_terminal_MTase_like,other,3,True,1.0,1.0,119,3,3,0,3,0,0,0,0,True,False,False,False,False,MACSE,Laurasiatheria_MACSE,284,0.2285694279996348,0.7903737620863146,0.04538624678933481,0.933925799828183,2.760038946650854e-08,0.4331255006235859,0.01596790133218107,0.041386193248714204,0.0248656437173197,0.24291821169996938,True,True,False,False
Laurasiatheria,325,C_terminal_MTase_like,other,3,True,0.9741379310344828,0.9747899159663864,116,0,0,0,0,0,2,1,0,False,False,True,False,False,MACSE,Laurasiatheria_MACSE,320,0.798512169088135,0.5167144509896097,0.6271469942275912,0.3148448274313774,0.2638165455276474,0.2406877636219884,0.964830393963776,0.9982803587428557,0.0001990370537852115,0.009479139686520697,False,False,True,True
Laurasiatheria,330,C_terminal_MTase_like,other,3,True,0.9910714285714286,0.9411764705882352,112,0,0,0,0,0,2,2,0,False,False,True,True,False,MACSE,Laurasiatheria_MACSE,325,0.7831429680355303,0.7651376483208471,0.437303483129252,0.4548576252901989,0.3470101929053652,0.4121445269056357,0.838351318765544,0.9152202075921841,0.0001923448891938406,0.009479139686520697,False,False,True,True
Laurasiatheria,358,C_terminal_MTase_like,switching_helix_adjacent_loop,3,True,0.990909090909091,0.9243697478991596,110,2,2,0,2,0,0,0,0,True,False,False,False,False,MACSE,Laurasiatheria_MACSE,352,1.29555865279884,2.815757294080027,7.530660858253002e-05,0.7913020232352397,0.7152710168751691,1.829435476022523,0.0799568645172759,0.14860275795649813,0.05852107797870709,0.4053914674524982,False,False,False,False
Laurasiatheria,380,C_terminal_MTase_like,other,3,True,0.961904761904762,0.8823529411764706,105,0,0,0,0,0,2,2,0,False,False,True,True,False,MACSE,Laurasiatheria_MACSE,374,1.201968778078368,1.193612222640645,0.2256165250589396,0.3390937977913739,0.5895970827832921,0.835948327519257,0.4552185242794664,0.5879262974592431,5.729316862779221e-05,0.0036381162078648055,False,False,True,True
Laurasiatheria,381,C_terminal_tail,other,3,True,0.99,0.8403361344537815,100,0,0,0,0,0,2,1,0,False,False,True,False,False,MACSE,Laurasiatheria_MACSE,375,2.561066165824632,1.795818405316434,0.5510192231142761,0.07627872328036713,0.9859556859962796,1.028267183850841,0.9131714647704932,0.9632131161641198,0.1515759753359815,0.6809651474530831,False,False,False,False
Laurasiatheria,382,C_terminal_tail,other,3,True,1.0,0.8319327731092437,99,0,0,0,0,0,2,1,0,False,False,True,False,False,MACSE,Laurasiatheria_MACSE,376,2.282557324622111,2.785048527600309,0.01441085602924217,0.3012982705611124,0.9341608714194085,1.32315093353406,0.4221643254322418,0.5546365792747728,2.262643914374696e-05,0.002155168328441898,False,False,True,True
Laurasiatheria,383,C_terminal_tail,other,3,True,1.0,0.8319327731092437,99,0,0,0,0,0,2,2,0,False,False,True,True,False,MACSE,Laurasiatheria_MACSE,377,1.689714633430473,2.477140430693262,0.1556130241066058,0.5568396114496158,0.9327690054404284,1.242638267351389,0.6638189802885613,0.7710824130790911,3.800462867464827e-05,0.0028959527050081983,False,False,True,True
Laurasiatheria,385,C_terminal_tail,other,3,True,0.9805825242718448,0.865546218487395,103,0,0,0,0,0,2,2,0,False,False,True,True,False,MACSE,Laurasiatheria_MACSE,379,1.897663847964095,1.25324277338689,0.5251321111426186,0.2170273477799917,0.9186852584085003,0.8759547833301782,0.9426736587639859,0.9813078251067722,1.764762762868077e-05,0.002155168328441898,False,False,True,True
Placentalia,55,ADD,other,3,True,1.0,0.9483568075117372,202,0,0,0,0,0,2,1,3,False,False,True,False,True,MACSE,Placentalia_MACSE,52,1.420690897743014,0.2665379463794557,0.9990157953660521,0.000369289087041912,0.9592387566178358,0.1254411348390195,0.0008180367935538557,0.0018168026461486797,0.02326723644796791,0.25394526637496406,False,False,False,False
Placentalia,60,ADD,other,3,True,1.0,0.9483568075117372,202,0,2,1,0,0,2,0,0,False,False,True,False,False,MACSE,Placentalia_MACSE,57,0.6061623362474395,0.8800074528386829,0.1813767054909851,0.7255194903390604,0.1468159896967973,0.4777154580284175,0.1651409997860144,0.21839127802564248,0.002339807223721402,0.0595870906307717,False,False,True,False
Placentalia,171,ADD,other,3,True,1.0,0.9953051643192488,212,0,0,0,0,0,2,1,0,False,False,True,False,False,MACSE,Placentalia_MACSE,168,0.7367668183611538,0.4216610982807364,0.7724056358948149,0.1638029459137794,0.2512278753665302,0.2043792558365837,0.8020237937696114,0.8486789175069019,0.004156931638625183,0.08412301816487038,False,False,True,False
Placentalia,251,C_terminal_MTase_like,other,3,True,1.0,0.9812206572769951,209,3,2,0,2,0,0,0,0,True,False,False,False,False,MACSE,Placentalia_MACSE,248,0.5895601797053913,0.8072141330101101,0.1607601346680258,0.7555028355889815,0.2608803080426086,0.4372814890636398,0.2841430163674762,0.35241114367654514,0.291216961434955,0.673721340388007,False,False,False,False
Placentalia,289,C_terminal_MTase_like,other,3,True,1.0,1.0,213,3,3,3,3,3,0,0,0,True,True,False,False,False,MACSE,Placentalia_MACSE,286,0.2634476033033365,0.8290581737766316,0.008624075723509057,0.983402652624845,0.08630255846705752,0.4493777147959629,0.008078223204923574,0.014625029688534621,0.01339574847492631,0.18339668883878074,True,True,False,False
Placentalia,325,C_terminal_MTase_like,other,3,True,0.9952153110047848,0.9812206572769951,209,0,0,0,0,0,2,0,0,False,False,True,False,False,MACSE,Placentalia_MACSE,322,0.8659622972453735,0.3335959555400618,0.9236338917589935,0.04591181927595042,0.4214924639270102,0.1581220310128889,0.2197625748627924,0.28170907247512317,0.001623789281309351,0.05638977322365201,False,False,True,False
Placentalia,358,C_terminal_MTase_like,switching_helix_adjacent_loop,3,True,0.9701492537313432,0.943661971830986,201,3,3,2,3,2,1,1,0,True,True,False,False,False,MACSE,Placentalia_MACSE,354,0.8716855481068357,2.814679292509966,1.250638406704341e-06,0.9962124601036668,0.6001020121782474,1.370955576356189,0.02036619636187842,0.03397330572156138,0.004691020244040445,0.0895984866611725,True,True,True,False
Placentalia,378,C_terminal_MTase_like,other,3,True,0.9852941176470588,0.9577464788732394,204,0,0,0,0,0,2,1,0,False,False,True,False,False,MACSE,Placentalia_MACSE,374,0.7514291150229427,0.8410763797213152,0.2978773335466999,0.5669563047159044,0.3790319624262273,0.4326115623559604,0.7641919466903268,0.8154226917198458,0.001188430438231691,0.05044226971161178,False,False,True,False
Sauropsida,310,C_terminal_MTase_like,other,3,True,1.0,0.9761904761904762,41,0,0,0,0,0,2,1,0,False,False,True,False,False,MACSE,Sauropsida_MACSE,303,1.318896200038824,1.082833912521811,0.390148939528864,0.3601619694378675,0.8262741387486654,0.828686432520518,0.99833631344068,1.0,0.0006708216584714322,0.04990913139027455,False,False,True,True
Sauropsida,358,C_terminal_MTase_like,switching_helix_adjacent_loop,3,True,0.975,0.9523809523809524,40,0,0,0,0,0,0,0,0,False,False,False,False,False,MACSE,Sauropsida_MACSE,350,1.632052654826379,0.6776292057664396,0.8412412511460888,0.0851145815064741,1.08859599665151,0.3783148710990859,0.1813168363314277,0.30659028688768686,0.0102464297571041,0.3176393224702271,False,False,False,False
Sauropsida,369,C_terminal_MTase_like,other,3,True,1.0,0.9047619047619048,38,0,0,0,0,0,3,1,0,False,False,True,False,False,MACSE,Sauropsida_MACSE,361,1.336376264772341,0.814987147080404,0.6414154833611592,0.2289532300629344,0.9832984499477921,0.4908425215032997,0.4556248657202979,0.6163361819925485,0.001740642048886465,0.10791980703096082,False,False,False,False
Sauropsida,380,C_terminal_MTase_like,other,3,True,0.918918918918919,0.8809523809523809,37,0,0,0,0,0,2,2,0,False,False,True,True,False,MACSE,Sauropsida_MACSE,372,1.785014940370585,1.642080190770884,0.3986751345843129,0.309906416003482,0.9584637068014413,1.318064191811159,0.6505935735087024,0.775707722260376,0.01886421906174029,0.38986052727596604,False,False,False,False
