Scope,Criterion,Aligner_1,Aligner_2,Aligner_1_Sites,Aligner_2_Sites,Intersection_Sites,Union_Sites,Jaccard,Intersection_Human_Positions
Euarchontoglires,FUBAR_Positive,MACSE,MAFFT,2,3,1,4,0.25,299
Euarchontoglires,FUBAR_Positive,MACSE,PRANK,2,2,2,2,1.0,33;299
Euarchontoglires,FUBAR_Positive,MAFFT,PRANK,3,2,1,4,0.25,299
Euarchontoglires,FEL_Positive_q10,MACSE,MAFFT,1,1,0,2,0.0,
Euarchontoglires,FEL_Positive_q10,MACSE,PRANK,1,1,1,1,1.0,33
Euarchontoglires,FEL_Positive_q10,MAFFT,PRANK,1,1,0,2,0.0,
Euarchontoglires,MEME_q10,MACSE,MAFFT,2,0,0,2,0.0,
Euarchontoglires,MEME_q10,MACSE,PRANK,2,0,0,2,0.0,
Euarchontoglires,MEME_q10,MAFFT,PRANK,0,0,0,0,1.0,
Euarchontoglires,Joint_Pervasive_q10,MACSE,MAFFT,1,1,0,2,0.0,
Euarchontoglires,Joint_Pervasive_q10,MACSE,PRANK,1,1,1,1,1.0,33
Euarchontoglires,Joint_Pervasive_q10,MAFFT,PRANK,1,1,0,2,0.0,
Euarchontoglires,Joint_Purifying_q05,MACSE,MAFFT,163,162,157,168,0.9345238095238095,2;12;14;16;23;32;38;39;40;43;47;49;53;56;57;58;62;63;65;66;67;68;69;70;71;73;75;76;85;87;88;90;91;92;93;94;96;98;101;102;104;108;111;112;113;114;115;117;118;119;121;123;128;129;130;131;133;134;135;142;147;149;151;152;153;154;156;157;158;161;167;168;169;175;177;179;181;182;183;184;186;189;191;193;195;196;199;202;203;205;206;207;208;209;212;213;216;217;220;223;225;226;227;229;231;233;236;237;238;239;240;242;243;244;245;246;255;256;262;263;265;269;270;271;272;279;280;284;286;287;288;297;298;300;306;311;313;319;320;322;323;327;328;329;334;335;340;341;342;343;361;364;368;371;372;374;375
Euarchontoglires,Joint_Purifying_q05,MACSE,PRANK,163,166,159,170,0.9352941176470588,12;14;16;23;28;32;38;39;40;43;47;49;53;56;57;58;62;63;65;66;67;68;69;70;71;73;75;76;85;87;88;90;91;92;93;94;96;98;101;102;104;106;108;109;111;112;113;114;115;117;118;119;121;123;128;129;130;131;133;134;135;142;147;149;151;152;153;154;156;157;158;161;167;168;169;175;177;179;181;182;183;184;186;189;191;193;195;196;199;202;203;205;206;207;208;209;211;212;213;216;217;220;223;225;226;227;229;231;233;236;237;238;239;240;242;243;244;245;246;255;256;262;263;265;269;270;271;272;279;280;284;286;287;288;297;298;300;306;311;313;319;320;322;323;327;328;329;334;335;340;342;343;364;368;371;372;374;375;376
Euarchontoglires,Joint_Purifying_q05,MAFFT,PRANK,162,166,158,170,0.9294117647058824,10;11;12;14;16;23;32;38;39;40;43;47;49;53;56;57;58;62;63;65;66;67;68;69;70;71;73;75;76;81;85;87;88;90;91;92;93;94;96;98;101;102;104;108;111;112;113;114;115;117;118;119;121;123;128;129;130;131;133;134;135;142;147;149;151;152;153;154;156;157;158;161;167;168;169;175;177;179;181;182;183;184;186;189;191;193;195;196;199;202;203;205;206;207;208;209;212;213;216;217;220;223;225;226;227;229;231;233;236;237;238;239;240;242;243;244;245;246;255;256;262;263;265;269;270;271;272;279;280;284;286;287;288;297;298;300;306;311;313;319;320;322;323;326;327;328;329;334;335;340;342;343;364;368;371;372;374;375
Laurasiatheria,FUBAR_Positive,MACSE,MAFFT,2,4,2,4,0.5,52;289
Laurasiatheria,FUBAR_Positive,MACSE,PRANK,2,5,2,5,0.4,52;289
Laurasiatheria,FUBAR_Positive,MAFFT,PRANK,4,5,3,6,0.5,52;289;358
Laurasiatheria,FEL_Positive_q10,MACSE,MAFFT,2,4,2,4,0.5,52;289
Laurasiatheria,FEL_Positive_q10,MACSE,PRANK,2,4,2,4,0.5,52;289
Laurasiatheria,FEL_Positive_q10,MAFFT,PRANK,4,4,4,4,1.0,7;52;289;358
Laurasiatheria,MEME_q10,MACSE,MAFFT,18,28,14,32,0.4375,50;52;55;64;65;129;172;249;325;380;381;382;383;385
Laurasiatheria,MEME_q10,MACSE,PRANK,18,1,1,18,0.05555555555555555,330
Laurasiatheria,MEME_q10,MAFFT,PRANK,28,1,0,29,0.0,
Laurasiatheria,Joint_Pervasive_q10,MACSE,MAFFT,2,3,2,3,0.6666666666666666,52;289
Laurasiatheria,Joint_Pervasive_q10,MACSE,PRANK,2,4,2,4,0.5,52;289
Laurasiatheria,Joint_Pervasive_q10,MAFFT,PRANK,3,4,3,4,0.75,52;289;358
Laurasiatheria,Joint_Purifying_q05,MACSE,MAFFT,145,141,135,151,0.8940397350993378,9;16;23;26;27;28;29;31;39;44;51;53;56;57;58;63;66;68;69;70;71;73;75;87;88;89;90;94;96;97;100;101;102;104;105;106;108;109;111;113;114;115;118;119;121;123;124;126;128;130;134;135;138;144;145;151;152;154;156;157;161;168;169;178;179;181;183;186;187;189;191;192;195;196;197;199;202;203;205;206;208;209;215;219;220;221;222;223;225;227;229;231;237;238;240;242;243;244;245;246;250;252;254;255;256;265;268;269;270;271;272;284;288;293;299;300;306;313;315;319;320;322;323;326;328;329;334;335;348;357;359;361;366;369;371
Laurasiatheria,Joint_Purifying_q05,MACSE,PRANK,145,151,138,158,0.8734177215189873,9;16;23;26;27;28;29;31;39;44;51;53;56;57;58;63;66;68;69;70;71;73;75;87;88;89;90;94;96;97;100;101;102;104;105;106;108;109;111;113;114;115;118;119;121;123;124;126;128;130;134;135;138;143;144;145;151;152;154;156;157;161;168;175;178;179;181;183;187;189;191;192;195;196;197;199;202;203;205;206;208;209;215;219;220;221;222;223;225;227;229;231;237;238;240;242;243;244;245;246;250;252;254;255;256;265;268;269;270;271;272;284;288;293;299;300;306;311;313;315;319;320;322;323;326;328;329;334;335;336;348;359;361;366;368;369;370;371
Laurasiatheria,Joint_Purifying_q05,MAFFT,PRANK,141,151,133,159,0.8364779874213837,9;16;23;26;27;28;29;31;39;44;51;53;56;57;58;63;66;68;69;70;71;73;75;87;88;89;90;94;96;97;100;101;102;104;105;106;108;109;111;113;114;115;118;119;121;123;124;126;128;130;134;135;138;144;145;151;152;154;156;157;161;168;178;179;181;183;187;189;191;192;195;196;197;199;202;203;205;206;208;209;215;219;220;221;222;223;225;227;229;231;237;238;240;242;243;244;245;246;250;252;254;255;256;265;268;269;270;271;272;284;288;293;299;300;306;313;315;319;320;322;323;326;328;329;334;335;348;359;361;365;366;369;371
Placentalia,FUBAR_Positive,MACSE,MAFFT,4,3,3,4,0.75,251;289;358
Placentalia,FUBAR_Positive,MACSE,PRANK,4,3,3,4,0.75,251;289;358
Placentalia,FUBAR_Positive,MAFFT,PRANK,3,3,3,3,1.0,251;289;358
Placentalia,FEL_Positive_q10,MACSE,MAFFT,5,5,4,6,0.6666666666666666,52;251;289;358
Placentalia,FEL_Positive_q10,MACSE,PRANK,5,4,3,6,0.5,52;289;358
Placentalia,FEL_Positive_q10,MAFFT,PRANK,5,4,4,5,0.8,52;60;289;358
Placentalia,MEME_q10,MACSE,MAFFT,19,26,10,35,0.2857142857142857,2;55;60;171;325;378;380;382;384;385
Placentalia,MEME_q10,MACSE,PRANK,19,0,0,19,0.0,
Placentalia,MEME_q10,MAFFT,PRANK,26,0,0,26,0.0,
Placentalia,Joint_Pervasive_q10,MACSE,MAFFT,4,3,3,4,0.75,251;289;358
Placentalia,Joint_Pervasive_q10,MACSE,PRANK,4,2,2,4,0.5,289;358
Placentalia,Joint_Pervasive_q10,MAFFT,PRANK,3,2,2,3,0.6666666666666666,289;358
Placentalia,Joint_Purifying_q05,MACSE,MAFFT,230,233,221,242,0.9132231404958677,1;2;10;12;14;16;23;26;27;28;29;30;31;38;39;40;43;44;47;49;51;53;55;56;57;58;62;63;65;66;67;68;69;70;71;73;74;75;76;80;81;85;86;87;88;89;90;91;92;93;94;96;97;98;99;100;101;102;104;105;106;108;109;111;112;113;114;115;116;117;118;119;121;123;125;126;128;129;130;131;133;134;135;138;141;142;144;145;147;149;151;152;153;154;156;157;158;161;162;168;169;170;175;177;178;179;180;181;182;183;184;186;187;189;191;192;193;195;196;197;199;202;203;205;206;207;208;209;210;211;212;213;215;216;217;219;220;221;222;223;224;225;226;227;229;231;232;233;236;237;238;239;240;242;243;244;245;246;250;252;254;255;256;257;259;262;263;264;265;268;269;270;271;272;274;279;280;284;286;287;288;291;292;293;296;297;298;300;304;306;311;313;315;319;320;322;323;326;327;328;329;331;334;335;340;341;343;345;357;361;366;367;368;369;371;372;373;374;375;376;377
Placentalia,Joint_Purifying_q05,MACSE,PRANK,230,229,220,239,0.9205020920502092,10;11;12;14;16;23;26;27;28;29;30;31;38;39;40;43;44;47;49;51;53;55;56;57;58;62;63;65;66;67;68;69;70;71;73;74;75;76;80;81;85;86;87;88;89;90;91;92;93;94;96;97;98;99;100;101;102;104;105;106;108;109;111;112;113;114;115;116;117;118;119;121;123;125;126;128;129;130;131;133;134;135;138;141;142;144;145;147;149;151;152;153;154;156;157;158;161;162;165;168;169;170;175;177;178;179;180;181;182;183;184;186;187;189;191;192;193;195;196;197;199;202;203;205;206;207;208;209;210;212;213;215;216;217;219;220;221;222;223;224;225;226;227;229;231;232;233;236;237;238;239;240;242;243;244;245;246;250;252;254;255;256;257;259;262;263;264;265;268;269;270;271;274;277;279;280;284;286;287;288;291;292;293;296;297;298;300;304;306;311;313;315;319;320;322;323;326;327;328;329;334;335;340;341;343;344;345;357;361;366;367;368;369;371;372;373;374;375;376;377
Placentalia,Joint_Purifying_q05,MAFFT,PRANK,233,229,220,242,0.9090909090909091,10;12;14;16;23;26;27;28;29;30;31;37;38;39;40;43;44;47;49;51;53;55;56;57;58;62;63;65;66;67;68;69;70;71;73;74;75;76;80;81;85;86;87;88;89;90;91;92;93;94;96;97;98;99;100;101;102;104;105;106;108;109;111;112;113;114;115;116;117;118;119;121;122;123;125;126;128;129;130;131;133;134;135;138;141;142;144;145;147;149;151;152;153;154;156;157;158;161;162;168;169;170;175;177;178;179;180;181;182;183;184;186;187;189;191;192;193;195;196;197;199;202;203;205;206;207;208;209;210;212;213;215;216;217;219;220;221;222;223;224;225;226;227;229;231;232;233;236;237;238;239;240;242;243;244;245;246;250;252;254;255;256;257;259;262;263;264;265;268;269;270;271;274;279;280;284;286;287;288;291;292;293;296;297;298;300;304;306;311;313;315;319;320;321;322;323;326;327;328;329;334;335;340;341;343;345;353;357;361;366;367;368;369;371;372;373;374;375;376;377
Sauropsida,FUBAR_Positive,MACSE,MAFFT,1,0,0,1,0.0,
Sauropsida,FUBAR_Positive,MACSE,PRANK,1,0,0,1,0.0,
Sauropsida,FUBAR_Positive,MAFFT,PRANK,0,0,0,0,1.0,
Sauropsida,FEL_Positive_q10,MACSE,MAFFT,0,1,0,1,0.0,
Sauropsida,FEL_Positive_q10,MACSE,PRANK,0,1,0,1,0.0,
Sauropsida,FEL_Positive_q10,MAFFT,PRANK,1,1,0,2,0.0,
Sauropsida,MEME_q10,MACSE,MAFFT,6,4,2,8,0.25,310;369
Sauropsida,MEME_q10,MACSE,PRANK,6,2,1,7,0.14285714285714285,369
Sauropsida,MEME_q10,MAFFT,PRANK,4,2,2,4,0.5,369;380
Sauropsida,Joint_Pervasive_q10,MACSE,MAFFT,0,0,0,0,1.0,
Sauropsida,Joint_Pervasive_q10,MACSE,PRANK,0,0,0,0,1.0,
Sauropsida,Joint_Pervasive_q10,MAFFT,PRANK,0,0,0,0,1.0,
Sauropsida,Joint_Purifying_q05,MACSE,MAFFT,115,115,108,122,0.8852459016393442,37;47;53;55;62;65;66;68;69;72;73;75;76;77;78;81;82;84;85;86;87;88;90;91;93;95;97;99;100;101;102;105;107;108;109;113;115;118;121;123;125;126;129;142;145;147;152;154;165;168;171;172;181;182;188;191;195;198;202;207;208;209;216;220;225;226;229;236;237;243;244;245;246;247;251;252;255;257;259;261;262;263;265;269;280;281;286;287;289;290;295;299;300;301;305;319;322;323;325;326;327;328;330;335;341;351;361;371
Sauropsida,Joint_Purifying_q05,MACSE,PRANK,115,113,105,123,0.8536585365853658,22;53;55;62;65;66;68;69;72;73;75;76;77;78;81;82;84;85;86;87;88;90;91;93;95;97;99;100;101;102;105;108;109;113;115;118;121;123;125;126;129;142;145;147;152;154;165;168;171;172;181;182;188;191;195;198;202;207;208;209;216;220;225;229;236;237;243;244;245;246;247;251;252;254;255;257;259;261;262;263;265;269;280;281;286;287;288;289;290;295;299;300;301;305;319;322;325;326;327;328;330;351;361;371;377
Sauropsida,Joint_Purifying_q05,MAFFT,PRANK,115,113,105,123,0.8536585365853658,53;55;62;65;66;68;69;72;73;75;76;77;78;81;82;84;85;86;87;88;90;91;93;95;97;99;100;101;102;105;108;109;113;115;118;121;123;125;126;129;142;145;147;152;154;165;168;171;172;181;182;188;191;195;198;202;207;208;209;216;220;225;229;236;237;243;244;245;246;247;251;252;255;257;259;261;262;263;265;269;280;281;286;287;289;290;295;298;299;300;301;305;306;319;322;325;326;327;328;330;344;351;356;361;371
