Human_Position,Domain,Structural_Region,Euarchontoglires_Pervasive_q10,Laurasiatheria_Pervasive_q10,Sauropsida_Pervasive_q10,Euarchontoglires_Episodic_q10,Laurasiatheria_Episodic_q10,Sauropsida_Episodic_q10,Cross_Placental_Pervasive_Recurrence,Cross_Placental_Episodic_Recurrence,Deep_Lineage_Pervasive_Recurrence,Deep_Lineage_Episodic_Recurrence
1,N_terminal,other,False,False,False,False,False,False,False,False,False,False
2,N_terminal,other,False,False,False,False,False,False,False,False,False,False
3,N_terminal,other,False,False,False,False,False,False,False,False,False,False
4,N_terminal,other,False,False,False,False,False,False,False,False,False,False
5,N_terminal,other,False,False,False,False,False,False,False,False,False,False
6,N_terminal,other,False,False,False,False,False,False,False,False,False,False
7,N_terminal,other,False,False,False,False,False,False,False,False,False,False
8,N_terminal,other,False,False,False,False,False,False,False,False,False,False
9,N_terminal,other,False,False,False,False,False,False,False,False,False,False
10,N_terminal,other,False,False,False,False,False,False,False,False,False,False
11,N_terminal,other,False,False,False,False,False,False,False,False,False,False
12,N_terminal,other,False,False,False,False,False,False,False,False,False,False
13,N_terminal,other,False,False,False,False,False,False,False,False,False,False
14,N_terminal,other,False,False,False,False,False,False,False,False,False,False
15,N_terminal,other,False,False,False,False,False,False,False,False,False,False
16,N_terminal,other,False,False,False,False,False,False,False,False,False,False
17,N_terminal,other,False,False,False,False,False,False,False,False,False,False
18,N_terminal,other,False,False,False,False,False,False,False,False,False,False
19,N_terminal,other,False,False,False,False,False,False,False,False,False,False
20,N_terminal,other,False,False,False,False,False,False,False,False,False,False
21,N_terminal,other,False,False,False,False,False,False,False,False,False,False
22,N_terminal,other,False,False,False,False,False,False,False,False,False,False
23,N_terminal,other,False,False,False,False,False,False,False,False,False,False
24,N_terminal,other,False,False,False,False,False,False,False,False,False,False
25,N_terminal,other,False,False,False,False,False,False,False,False,False,False
26,N_terminal,other,False,False,False,False,False,False,False,False,False,False
27,N_terminal,other,False,False,False,False,False,False,False,False,False,False
28,N_terminal,other,False,False,False,False,False,False,False,False,False,False
29,N_terminal,other,False,False,False,False,False,False,False,False,False,False
30,N_terminal,other,False,False,False,False,False,False,False,False,False,False
31,N_terminal,other,False,False,False,False,False,False,False,False,False,False
32,N_terminal,other,False,False,False,False,False,False,False,False,False,False
33,N_terminal,other,True,False,False,False,False,False,False,False,False,False
34,N_terminal,other,False,False,False,False,False,False,False,False,False,False
35,N_terminal,other,False,False,False,False,False,False,False,False,False,False
36,N_terminal,other,False,False,False,False,False,False,False,False,False,False
37,N_terminal,other,False,False,False,False,False,False,False,False,False,False
38,N_terminal,other,False,False,False,False,False,False,False,False,False,False
39,N_terminal,other,False,False,False,False,False,False,False,False,False,False
40,N_terminal,other,False,False,False,False,False,False,False,False,False,False
41,ADD,other,False,False,False,False,False,False,False,False,False,False
42,ADD,other,False,False,False,False,False,False,False,False,False,False
43,ADD,other,False,False,False,False,False,False,False,False,False,False
44,ADD,other,False,False,False,False,False,False,False,False,False,False
45,ADD,other,False,False,False,False,False,False,False,False,False,False
46,ADD,other,False,False,False,False,False,False,False,False,False,False
47,ADD,other,False,False,False,False,False,False,False,False,False,False
48,ADD,other,False,False,False,False,False,False,False,False,False,False
49,ADD,other,False,False,False,False,False,False,False,False,False,False
50,ADD,other,False,False,False,False,True,False,False,False,False,False
51,ADD,other,False,False,False,False,False,False,False,False,False,False
52,ADD,other,False,True,False,False,True,False,False,False,False,False
53,ADD,other,False,False,False,False,False,False,False,False,False,False
54,ADD,other,False,False,False,False,False,False,False,False,False,False
55,ADD,other,False,False,False,False,True,False,False,False,False,False
56,ADD,other,False,False,False,False,False,False,False,False,False,False
57,ADD,other,False,False,False,False,False,False,False,False,False,False
58,ADD,other,False,False,False,False,False,False,False,False,False,False
59,ADD,other,False,False,False,False,False,False,False,False,False,False
60,ADD,other,False,False,False,False,False,False,False,False,False,False
61,ADD,other,False,False,False,False,False,False,False,False,False,False
62,ADD,other,False,False,False,False,False,False,False,False,False,False
63,ADD,other,False,False,False,False,False,False,False,False,False,False
64,ADD,other,False,False,False,False,True,False,False,False,False,False
65,ADD,other,False,False,False,False,True,False,False,False,False,False
66,ADD,other,False,False,False,False,False,False,False,False,False,False
67,ADD,other,False,False,False,False,False,False,False,False,False,False
68,ADD,other,False,False,False,False,False,False,False,False,False,False
69,ADD,other,False,False,False,False,False,False,False,False,False,False
70,ADD,other,False,False,False,False,False,False,False,False,False,False
71,ADD,other,False,False,False,False,False,False,False,False,False,False
72,ADD,other,False,False,False,False,False,False,False,False,False,False
73,ADD,other,False,False,False,False,False,False,False,False,False,False
74,ADD,other,False,False,False,False,False,False,False,False,False,False
75,ADD,other,False,False,False,False,False,False,False,False,False,False
76,ADD,other,False,False,False,False,False,False,False,False,False,False
77,ADD,other,False,False,False,False,False,False,False,False,False,False
78,ADD,other,False,False,False,False,False,False,False,False,False,False
79,ADD,other,False,False,False,False,False,False,False,False,False,False
80,ADD,other,False,False,False,False,False,False,False,False,False,False
81,ADD,other,False,False,False,False,False,False,False,False,False,False
82,ADD,other,False,False,False,False,False,False,False,False,False,False
83,ADD,other,False,False,False,False,False,False,False,False,False,False
84,ADD,other,False,False,False,False,False,False,False,False,False,False
85,ADD,other,False,False,False,False,False,False,False,False,False,False
86,ADD,other,False,False,False,False,False,False,False,False,False,False
87,ADD,other,False,False,False,False,False,False,False,False,False,False
88,ADD,other,False,False,False,False,False,False,False,False,False,False
89,ADD,other,False,False,False,False,False,False,False,False,False,False
90,ADD,other,False,False,False,False,False,False,False,False,False,False
91,ADD,other,False,False,False,False,False,False,False,False,False,False
92,ADD,other,False,False,False,False,False,False,False,False,False,False
93,ADD,other,False,False,False,False,False,False,False,False,False,False
94,ADD,other,False,False,False,False,False,False,False,False,False,False
95,ADD,other,False,False,False,False,False,False,False,False,False,False
96,ADD,other,False,False,False,False,False,False,False,False,False,False
97,ADD,other,False,False,False,False,False,False,False,False,False,False
98,ADD,other,False,False,False,False,False,False,False,False,False,False
99,ADD,other,False,False,False,False,False,False,False,False,False,False
100,ADD,other,False,False,False,False,False,False,False,False,False,False
101,ADD,other,False,False,False,False,False,False,False,False,False,False
102,ADD,other,False,False,False,False,False,False,False,False,False,False
103,ADD,other,False,False,False,False,False,False,False,False,False,False
104,ADD,other,False,False,False,False,False,False,False,False,False,False
105,ADD,other,False,False,False,False,False,False,False,False,False,False
106,ADD,other,False,False,False,False,False,False,False,False,False,False
107,ADD,other,False,False,False,False,False,False,False,False,False,False
108,ADD,other,False,False,False,False,False,False,False,False,False,False
109,ADD,other,False,False,False,False,False,False,False,False,False,False
110,ADD,other,False,False,False,False,False,False,False,False,False,False
111,ADD,other,False,False,False,False,False,False,False,False,False,False
112,ADD,other,False,False,False,False,False,False,False,False,False,False
113,ADD,other,False,False,False,False,False,False,False,False,False,False
114,ADD,other,False,False,False,False,False,False,False,False,False,False
115,ADD,other,False,False,False,False,False,False,False,False,False,False
116,ADD,other,False,False,False,False,False,False,False,False,False,False
117,ADD,other,False,False,False,False,False,False,False,False,False,False
118,ADD,other,False,False,False,False,False,False,False,False,False,False
119,ADD,other,False,False,False,False,False,False,False,False,False,False
120,ADD,other,False,False,False,False,False,False,False,False,False,False
121,ADD,other,False,False,False,False,False,False,False,False,False,False
122,ADD,other,False,False,False,False,False,False,False,False,False,False
123,ADD,other,False,False,False,False,False,False,False,False,False,False
124,ADD,other,False,False,False,False,False,False,False,False,False,False
125,ADD,other,False,False,False,False,False,False,False,False,False,False
126,ADD,other,False,False,False,False,False,False,False,False,False,False
127,ADD,other,False,False,False,False,False,False,False,False,False,False
128,ADD,other,False,False,False,False,False,False,False,False,False,False
129,ADD,other,False,False,False,False,True,False,False,False,False,False
130,ADD,other,False,False,False,False,False,False,False,False,False,False
131,ADD,other,False,False,False,False,False,False,False,False,False,False
132,ADD,other,False,False,False,False,False,False,False,False,False,False
133,ADD,other,False,False,False,False,False,False,False,False,False,False
134,ADD,other,False,False,False,False,False,False,False,False,False,False
135,ADD,other,False,False,False,False,False,False,False,False,False,False
136,ADD,other,False,False,False,False,False,False,False,False,False,False
137,ADD,other,False,False,False,False,False,False,False,False,False,False
138,ADD,other,False,False,False,False,False,False,False,False,False,False
139,ADD,other,False,False,False,False,False,False,False,False,False,False
140,ADD,other,False,False,False,False,False,False,False,False,False,False
141,ADD,other,False,False,False,False,False,False,False,False,False,False
142,ADD,other,False,False,False,False,False,False,False,False,False,False
143,ADD,other,False,False,False,False,False,False,False,False,False,False
144,ADD,other,False,False,False,False,False,False,False,False,False,False
145,ADD,other,False,False,False,False,False,False,False,False,False,False
146,ADD,other,False,False,False,False,False,False,False,False,False,False
147,ADD,other,False,False,False,False,False,False,False,False,False,False
148,ADD,other,False,False,False,False,False,False,False,False,False,False
149,ADD,other,False,False,False,False,False,False,False,False,False,False
150,ADD,other,False,False,False,False,False,False,False,False,False,False
151,ADD,other,False,False,False,False,False,False,False,False,False,False
152,ADD,other,False,False,False,False,False,False,False,False,False,False
153,ADD,other,False,False,False,False,False,False,False,False,False,False
154,ADD,other,False,False,False,False,False,False,False,False,False,False
155,ADD,other,False,False,False,False,False,False,False,False,False,False
156,ADD,other,False,False,False,False,False,False,False,False,False,False
157,ADD,other,False,False,False,False,False,False,False,False,False,False
158,ADD,other,False,False,False,False,False,False,False,False,False,False
159,ADD,other,False,False,False,False,False,False,False,False,False,False
160,ADD,other,False,False,False,False,False,False,False,False,False,False
161,ADD,other,False,False,False,False,False,False,False,False,False,False
162,ADD,other,False,False,False,False,False,False,False,False,False,False
163,ADD,other,False,False,False,False,False,False,False,False,False,False
164,ADD,other,False,False,False,False,False,False,False,False,False,False
165,ADD,other,False,False,False,False,False,False,False,False,False,False
166,ADD,other,False,False,False,False,False,False,False,False,False,False
167,ADD,other,False,False,False,False,False,False,False,False,False,False
168,ADD,other,False,False,False,False,False,False,False,False,False,False
169,ADD,other,False,False,False,False,False,False,False,False,False,False
170,ADD,other,False,False,False,False,False,False,False,False,False,False
171,ADD,other,False,False,False,False,False,False,False,False,False,False
172,ADD,other,False,False,False,False,True,False,False,False,False,False
173,ADD,other,False,False,False,False,False,False,False,False,False,False
174,linker,other,False,False,False,False,False,False,False,False,False,False
175,linker,other,False,False,False,False,False,False,False,False,False,False
176,linker,other,False,False,False,False,False,False,False,False,False,False
177,linker,other,False,False,False,False,False,False,False,False,False,False
178,C_terminal_MTase_like,other,False,False,False,False,False,False,False,False,False,False
179,C_terminal_MTase_like,other,False,False,False,False,False,False,False,False,False,False
180,C_terminal_MTase_like,other,False,False,False,False,False,False,False,False,False,False
181,C_terminal_MTase_like,other,False,False,False,False,False,False,False,False,False,False
182,C_terminal_MTase_like,other,False,False,False,False,False,False,False,False,False,False
183,C_terminal_MTase_like,other,False,False,False,False,False,False,False,False,False,False
184,C_terminal_MTase_like,other,False,False,False,False,False,False,False,False,False,False
185,C_terminal_MTase_like,other,False,False,False,False,False,False,False,False,False,False
186,C_terminal_MTase_like,other,False,False,False,False,False,False,False,False,False,False
187,C_terminal_MTase_like,other,False,False,False,False,False,False,False,False,False,False
188,C_terminal_MTase_like,other,False,False,False,False,False,False,False,False,False,False
189,C_terminal_MTase_like,other,False,False,False,False,False,False,False,False,False,False
190,C_terminal_MTase_like,other,False,False,False,False,False,False,False,False,False,False
191,C_terminal_MTase_like,other,False,False,False,False,False,False,False,False,False,False
192,C_terminal_MTase_like,other,False,False,False,False,False,False,False,False,False,False
193,C_terminal_MTase_like,other,False,False,False,False,False,False,False,False,False,False
194,C_terminal_MTase_like,other,False,False,False,False,False,False,False,False,False,False
195,C_terminal_MTase_like,other,False,False,False,False,False,False,False,False,False,False
196,C_terminal_MTase_like,other,False,False,False,False,False,False,False,False,False,False
197,C_terminal_MTase_like,other,False,False,False,False,False,False,False,False,False,False
198,C_terminal_MTase_like,other,False,False,False,False,False,False,False,False,False,False
199,C_terminal_MTase_like,other,False,False,False,False,False,False,False,False,False,False
200,C_terminal_MTase_like,other,False,False,False,False,False,False,False,False,False,False
201,C_terminal_MTase_like,other,False,False,False,False,False,False,False,False,False,False
202,C_terminal_MTase_like,other,False,False,False,False,False,False,False,False,False,False
203,C_terminal_MTase_like,other,False,False,False,False,False,False,False,False,False,False
204,C_terminal_MTase_like,other,False,False,False,False,False,False,False,False,False,False
205,C_terminal_MTase_like,other,False,False,False,False,False,False,False,False,False,False
206,C_terminal_MTase_like,other,False,False,False,False,False,False,False,False,False,False
207,C_terminal_MTase_like,other,False,False,False,False,False,False,False,False,False,False
208,C_terminal_MTase_like,other,False,False,False,False,False,False,False,False,False,False
209,C_terminal_MTase_like,other,False,False,False,False,False,False,False,False,False,False
210,C_terminal_MTase_like,other,False,False,False,False,False,False,False,False,False,False
211,C_terminal_MTase_like,other,False,False,False,False,False,False,False,False,False,False
212,C_terminal_MTase_like,other,False,False,False,False,False,False,False,False,False,False
213,C_terminal_MTase_like,other,False,False,False,False,False,False,False,False,False,False
214,C_terminal_MTase_like,other,False,False,False,False,False,False,False,False,False,False
215,C_terminal_MTase_like,other,False,False,False,False,False,False,False,False,False,False
216,C_terminal_MTase_like,other,False,False,False,False,False,False,False,False,False,False
217,C_terminal_MTase_like,other,False,False,False,False,False,False,False,False,False,False
218,C_terminal_MTase_like,other,False,False,False,False,False,False,False,False,False,False
219,C_terminal_MTase_like,other,False,False,False,False,False,False,False,False,False,False
220,C_terminal_MTase_like,other,False,False,False,False,False,False,False,False,False,False
221,C_terminal_MTase_like,other,False,False,False,False,False,False,False,False,False,False
222,C_terminal_MTase_like,other,False,False,False,False,False,False,False,False,False,False
223,C_terminal_MTase_like,other,False,False,False,False,False,False,False,False,False,False
224,C_terminal_MTase_like,other,False,False,False,False,False,False,False,False,False,False
225,C_terminal_MTase_like,other,False,False,False,False,False,False,False,False,False,False
226,C_terminal_MTase_like,other,False,False,False,False,False,False,False,False,False,False
227,C_terminal_MTase_like,other,False,False,False,False,False,False,False,False,False,False
228,C_terminal_MTase_like,other,False,False,False,False,False,False,False,False,False,False
229,C_terminal_MTase_like,other,False,False,False,False,False,False,False,False,False,False
230,C_terminal_MTase_like,other,False,False,False,False,False,False,False,False,False,False
231,C_terminal_MTase_like,other,False,False,False,False,False,False,False,False,False,False
232,C_terminal_MTase_like,other,False,False,False,False,False,False,False,False,False,False
233,C_terminal_MTase_like,other,False,False,False,False,False,False,False,False,False,False
234,C_terminal_MTase_like,other,False,False,False,False,False,False,False,False,False,False
235,C_terminal_MTase_like,other,False,False,False,False,False,False,False,False,False,False
236,C_terminal_MTase_like,other,False,False,False,False,False,False,False,False,False,False
237,C_terminal_MTase_like,other,False,False,False,False,False,False,False,False,False,False
238,C_terminal_MTase_like,other,False,False,False,False,False,False,False,False,False,False
239,C_terminal_MTase_like,other,False,False,False,False,False,False,False,False,False,False
240,C_terminal_MTase_like,other,False,False,False,False,False,False,False,False,False,False
241,C_terminal_MTase_like,other,False,False,False,False,False,False,False,False,False,False
242,C_terminal_MTase_like,other,False,False,False,False,False,False,False,False,False,False
243,C_terminal_MTase_like,other,False,False,False,False,False,False,False,False,False,False
244,C_terminal_MTase_like,other,False,False,False,False,False,False,False,False,False,False
245,C_terminal_MTase_like,other,False,False,False,False,False,False,False,False,False,False
246,C_terminal_MTase_like,other,False,False,False,False,False,False,False,False,False,False
247,C_terminal_MTase_like,other,False,False,False,False,False,False,False,False,False,False
248,C_terminal_MTase_like,other,False,False,False,False,False,False,False,False,False,False
249,C_terminal_MTase_like,other,False,False,False,False,True,False,False,False,False,False
250,C_terminal_MTase_like,other,False,False,False,False,False,False,False,False,False,False
251,C_terminal_MTase_like,other,False,False,False,False,False,False,False,False,False,False
252,C_terminal_MTase_like,other,False,False,False,False,False,False,False,False,False,False
253,C_terminal_MTase_like,other,False,False,False,False,False,False,False,False,False,False
254,C_terminal_MTase_like,other,False,False,False,False,False,False,False,False,False,False
255,C_terminal_MTase_like,other,False,False,False,False,False,False,False,False,False,False
256,C_terminal_MTase_like,other,False,False,False,False,False,False,False,False,False,False
257,C_terminal_MTase_like,other,False,False,False,False,False,False,False,False,False,False
258,C_terminal_MTase_like,other,False,False,False,False,False,False,False,False,False,False
259,C_terminal_MTase_like,other,False,False,False,False,False,False,False,False,False,False
260,C_terminal_MTase_like,other,False,False,False,False,False,False,False,False,False,False
261,C_terminal_MTase_like,other,False,False,False,False,False,False,False,False,False,False
262,C_terminal_MTase_like,other,False,False,False,False,False,False,False,False,False,False
263,C_terminal_MTase_like,other,False,False,False,False,False,False,False,False,False,False
264,C_terminal_MTase_like,other,False,False,False,False,False,False,False,False,False,False
265,C_terminal_MTase_like,other,False,False,False,False,False,False,False,False,False,False
266,C_terminal_MTase_like,other,False,False,False,False,False,False,False,False,False,False
267,C_terminal_MTase_like,other,False,False,False,False,False,False,False,False,False,False
268,C_terminal_MTase_like,other,False,False,False,False,False,False,False,False,False,False
269,C_terminal_MTase_like,other,False,False,False,False,False,False,False,False,False,False
270,C_terminal_MTase_like,other,False,False,False,False,False,False,False,False,False,False
271,C_terminal_MTase_like,other,False,False,False,False,False,False,False,False,False,False
272,C_terminal_MTase_like,other,False,False,False,False,False,False,False,False,False,False
273,C_terminal_MTase_like,other,False,False,False,False,False,False,False,False,False,False
274,C_terminal_MTase_like,other,False,False,False,False,False,False,False,False,False,False
275,C_terminal_MTase_like,other,False,False,False,False,False,False,False,False,False,False
276,C_terminal_MTase_like,other,False,False,False,False,False,False,False,False,False,False
277,C_terminal_MTase_like,other,False,False,False,False,False,False,False,False,False,False
278,C_terminal_MTase_like,other,False,False,False,False,False,False,False,False,False,False
279,C_terminal_MTase_like,other,False,False,False,False,False,False,False,False,False,False
280,C_terminal_MTase_like,other,False,False,False,False,False,False,False,False,False,False
281,C_terminal_MTase_like,other,False,False,False,False,False,False,False,False,False,False
282,C_terminal_MTase_like,other,False,False,False,False,False,False,False,False,False,False
283,C_terminal_MTase_like,other,False,False,False,False,False,False,False,False,False,False
284,C_terminal_MTase_like,other,False,False,False,False,False,False,False,False,False,False
285,C_terminal_MTase_like,other,False,False,False,False,False,False,False,False,False,False
286,C_terminal_MTase_like,other,False,False,False,False,False,False,False,False,False,False
287,C_terminal_MTase_like,other,False,False,False,False,False,False,False,False,False,False
288,C_terminal_MTase_like,other,False,False,False,False,False,False,False,False,False,False
289,C_terminal_MTase_like,other,False,True,False,False,False,False,False,False,False,False
290,C_terminal_MTase_like,other,False,False,False,False,False,False,False,False,False,False
291,C_terminal_MTase_like,other,False,False,False,False,False,False,False,False,False,False
292,C_terminal_MTase_like,other,False,False,False,False,False,False,False,False,False,False
293,C_terminal_MTase_like,other,False,False,False,False,False,False,False,False,False,False
294,C_terminal_MTase_like,other,False,False,False,False,False,False,False,False,False,False
295,C_terminal_MTase_like,other,False,False,False,False,False,False,False,False,False,False
296,C_terminal_MTase_like,other,False,False,False,False,False,False,False,False,False,False
297,C_terminal_MTase_like,other,False,False,False,False,False,False,False,False,False,False
298,C_terminal_MTase_like,other,False,False,False,False,False,False,False,False,False,False
299,C_terminal_MTase_like,other,False,False,False,False,False,False,False,False,False,False
300,C_terminal_MTase_like,other,False,False,False,False,False,False,False,False,False,False
301,C_terminal_MTase_like,other,False,False,False,False,False,False,False,False,False,False
302,C_terminal_MTase_like,other,False,False,False,False,False,False,False,False,False,False
303,C_terminal_MTase_like,other,False,False,False,False,False,False,False,False,False,False
304,C_terminal_MTase_like,other,False,False,False,False,False,False,False,False,False,False
305,C_terminal_MTase_like,other,False,False,False,False,False,False,False,False,False,False
306,C_terminal_MTase_like,other,False,False,False,False,False,False,False,False,False,False
307,C_terminal_MTase_like,other,False,False,False,False,False,False,False,False,False,False
308,C_terminal_MTase_like,other,False,False,False,False,False,False,False,False,False,False
309,C_terminal_MTase_like,other,False,False,False,False,False,False,False,False,False,False
310,C_terminal_MTase_like,other,False,False,False,False,False,True,False,False,False,False
311,C_terminal_MTase_like,other,False,False,False,False,False,False,False,False,False,False
312,C_terminal_MTase_like,other,False,False,False,False,False,False,False,False,False,False
313,C_terminal_MTase_like,other,False,False,False,False,False,False,False,False,False,False
314,C_terminal_MTase_like,other,False,False,False,False,False,False,False,False,False,False
315,C_terminal_MTase_like,other,False,False,False,False,False,False,False,False,False,False
316,C_terminal_MTase_like,other,False,False,False,False,False,False,False,False,False,False
317,C_terminal_MTase_like,other,False,False,False,False,False,False,False,False,False,False
318,C_terminal_MTase_like,other,False,False,False,False,False,False,False,False,False,False
319,C_terminal_MTase_like,other,False,False,False,False,False,False,False,False,False,False
320,C_terminal_MTase_like,other,False,False,False,False,False,False,False,False,False,False
321,C_terminal_MTase_like,other,False,False,False,False,False,False,False,False,False,False
322,C_terminal_MTase_like,other,False,False,False,False,False,False,False,False,False,False
323,C_terminal_MTase_like,other,False,False,False,False,False,False,False,False,False,False
324,C_terminal_MTase_like,other,False,False,False,False,False,False,False,False,False,False
325,C_terminal_MTase_like,other,False,False,False,False,True,False,False,False,False,False
326,C_terminal_MTase_like,other,False,False,False,False,False,False,False,False,False,False
327,C_terminal_MTase_like,other,False,False,False,False,False,False,False,False,False,False
328,C_terminal_MTase_like,other,False,False,False,False,False,False,False,False,False,False
329,C_terminal_MTase_like,other,False,False,False,False,False,False,False,False,False,False
330,C_terminal_MTase_like,other,False,False,False,False,True,False,False,False,False,False
331,C_terminal_MTase_like,other,False,False,False,False,False,False,False,False,False,False
332,C_terminal_MTase_like,other,False,False,False,False,False,False,False,False,False,False
333,C_terminal_MTase_like,other,False,False,False,False,False,False,False,False,False,False
334,C_terminal_MTase_like,other,False,False,False,False,False,False,False,False,False,False
335,C_terminal_MTase_like,other,False,False,False,False,False,False,False,False,False,False
336,C_terminal_MTase_like,other,False,False,False,False,False,False,False,False,False,False
337,C_terminal_MTase_like,other,False,False,False,False,False,False,False,False,False,False
338,C_terminal_MTase_like,other,False,False,False,False,False,False,False,False,False,False
339,C_terminal_MTase_like,other,False,False,False,False,False,False,False,False,False,False
340,C_terminal_MTase_like,other,False,False,False,False,False,False,False,False,False,False
341,C_terminal_MTase_like,switching_helix,False,False,False,False,False,False,False,False,False,False
342,C_terminal_MTase_like,switching_helix,False,False,False,False,False,False,False,False,False,False
343,C_terminal_MTase_like,switching_helix,False,False,False,False,False,False,False,False,False,False
344,C_terminal_MTase_like,switching_helix,False,False,False,False,False,False,False,False,False,False
345,C_terminal_MTase_like,switching_helix,False,False,False,False,False,False,False,False,False,False
346,C_terminal_MTase_like,switching_helix,False,False,False,False,False,False,False,False,False,False
347,C_terminal_MTase_like,switching_helix,False,False,False,False,False,False,False,False,False,False
348,C_terminal_MTase_like,switching_helix,False,False,False,False,False,False,False,False,False,False
349,C_terminal_MTase_like,switching_helix,False,False,False,False,False,False,False,False,False,False
350,C_terminal_MTase_like,switching_helix,False,False,False,False,False,False,False,False,False,False
351,C_terminal_MTase_like,switching_helix,False,False,False,False,False,False,False,False,False,False
352,C_terminal_MTase_like,switching_helix,False,False,False,False,False,False,False,False,False,False
353,C_terminal_MTase_like,switching_helix,False,False,False,False,False,False,False,False,False,False
354,C_terminal_MTase_like,switching_helix,False,False,False,False,False,False,False,False,False,False
355,C_terminal_MTase_like,switching_helix,False,False,False,False,False,False,False,False,False,False
356,C_terminal_MTase_like,switching_helix_adjacent_loop,False,False,False,False,False,False,False,False,False,False
357,C_terminal_MTase_like,switching_helix_adjacent_loop,False,False,False,False,False,False,False,False,False,False
358,C_terminal_MTase_like,switching_helix_adjacent_loop,False,True,False,False,False,False,False,False,False,False
359,C_terminal_MTase_like,switching_helix_adjacent_loop,False,False,False,False,False,False,False,False,False,False
360,C_terminal_MTase_like,switching_helix_adjacent_loop,False,False,False,False,False,False,False,False,False,False
361,C_terminal_MTase_like,other,False,False,False,False,False,False,False,False,False,False
362,C_terminal_MTase_like,other,False,False,False,False,False,False,False,False,False,False
363,C_terminal_MTase_like,other,False,False,False,False,False,False,False,False,False,False
364,C_terminal_MTase_like,other,False,False,False,False,False,False,False,False,False,False
365,C_terminal_MTase_like,other,False,False,False,False,False,False,False,False,False,False
366,C_terminal_MTase_like,other,False,False,False,False,False,False,False,False,False,False
367,C_terminal_MTase_like,other,False,False,False,False,False,False,False,False,False,False
368,C_terminal_MTase_like,other,False,False,False,False,False,False,False,False,False,False
369,C_terminal_MTase_like,other,False,False,False,False,False,True,False,False,False,False
370,C_terminal_MTase_like,other,False,False,False,False,False,False,False,False,False,False
371,C_terminal_MTase_like,other,False,False,False,False,False,False,False,False,False,False
372,C_terminal_MTase_like,other,False,False,False,False,False,False,False,False,False,False
373,C_terminal_MTase_like,other,False,False,False,False,False,False,False,False,False,False
374,C_terminal_MTase_like,other,False,False,False,False,False,False,False,False,False,False
375,C_terminal_MTase_like,other,False,False,False,False,False,False,False,False,False,False
376,C_terminal_MTase_like,other,False,False,False,False,False,False,False,False,False,False
377,C_terminal_MTase_like,other,False,False,False,False,False,False,False,False,False,False
378,C_terminal_MTase_like,other,False,False,False,False,False,False,False,False,False,False
379,C_terminal_MTase_like,other,False,False,False,False,False,False,False,False,False,False
380,C_terminal_MTase_like,other,False,False,False,False,True,True,False,False,False,True
381,C_terminal_tail,other,False,False,False,False,True,False,False,False,False,False
382,C_terminal_tail,other,False,False,False,False,True,False,False,False,False,False
383,C_terminal_tail,other,False,False,False,False,True,False,False,False,False,False
384,C_terminal_tail,other,False,False,False,False,False,False,False,False,False,False
385,C_terminal_tail,other,False,False,False,False,True,False,False,False,False,False
386,C_terminal_tail,other,False,False,False,False,False,False,False,False,False,False
387,C_terminal_tail,other,False,False,False,False,False,False,False,False,False,False
