Scope,Human_Position,Domain,Structural_Region,Aligners_Tested,Alignment_Stable,Three_Aligner_AA_Concordance,Three_Aligner_Joint_Resolved_Fraction,Jointly_Resolved_Taxa,FUBAR_Positive_Aligners,FEL_Positive_q10_Aligners,FEL_Positive_q05_Aligners,Joint_Pervasive_q10_Aligners,Joint_Pervasive_q05_Aligners,MEME_q10_Aligners,MEME_q05_Aligners,Joint_Purifying_q05_Aligners,Robust_Pervasive_q10,Robust_Pervasive_q05,Robust_Episodic_q10,Robust_Episodic_q05,Robust_Purifying_q05
Euarchontoglires,33,N_terminal,other,3,True,1.0,0.9404761904761904,79,2,2,0,2,0,0,0,0,True,False,False,False,False
Euarchontoglires,358,C_terminal_MTase_like,switching_helix_adjacent_loop,3,True,0.9620253164556962,0.9404761904761904,79,1,0,0,0,0,0,0,0,False,False,False,False,False
Laurasiatheria,50,ADD,other,3,True,0.9901960784313726,0.8571428571428571,102,0,0,0,0,0,2,2,0,False,False,True,True,False
Laurasiatheria,52,ADD,other,3,True,1.0,0.907563025210084,108,3,3,3,3,3,2,0,0,True,True,True,False,False
Laurasiatheria,55,ADD,other,3,True,1.0,0.907563025210084,108,0,0,0,0,0,2,2,0,False,False,True,True,False
Laurasiatheria,64,ADD,other,3,True,1.0,0.907563025210084,108,0,0,0,0,0,2,1,0,False,False,True,False,False
Laurasiatheria,65,ADD,other,3,True,1.0,0.907563025210084,108,0,0,0,0,0,2,0,0,False,False,True,False,False
Laurasiatheria,129,ADD,other,3,True,1.0,0.9915966386554622,118,0,0,0,0,0,2,1,1,False,False,True,False,False
Laurasiatheria,172,ADD,other,3,True,0.9915966386554622,1.0,119,0,0,0,0,0,2,1,0,False,False,True,False,False
Laurasiatheria,249,C_terminal_MTase_like,other,3,True,1.0,1.0,119,0,0,0,0,0,2,0,0,False,False,True,False,False
Laurasiatheria,289,C_terminal_MTase_like,other,3,True,1.0,1.0,119,3,3,0,3,0,0,0,0,True,False,False,False,False
Laurasiatheria,325,C_terminal_MTase_like,other,3,True,0.9741379310344828,0.9747899159663864,116,0,0,0,0,0,2,1,0,False,False,True,False,False
Laurasiatheria,330,C_terminal_MTase_like,other,3,True,0.9910714285714286,0.9411764705882352,112,0,0,0,0,0,2,2,0,False,False,True,True,False
Laurasiatheria,358,C_terminal_MTase_like,switching_helix_adjacent_loop,3,True,0.990909090909091,0.9243697478991596,110,2,2,0,2,0,0,0,0,True,False,False,False,False
Laurasiatheria,380,C_terminal_MTase_like,other,3,True,0.961904761904762,0.8823529411764706,105,0,0,0,0,0,2,2,0,False,False,True,True,False
Laurasiatheria,381,C_terminal_tail,other,3,True,0.99,0.8403361344537815,100,0,0,0,0,0,2,1,0,False,False,True,False,False
Laurasiatheria,382,C_terminal_tail,other,3,True,1.0,0.8319327731092437,99,0,0,0,0,0,2,1,0,False,False,True,False,False
Laurasiatheria,383,C_terminal_tail,other,3,True,1.0,0.8319327731092437,99,0,0,0,0,0,2,2,0,False,False,True,True,False
Laurasiatheria,385,C_terminal_tail,other,3,True,0.9805825242718448,0.865546218487395,103,0,0,0,0,0,2,2,0,False,False,True,True,False
Placentalia,55,ADD,other,3,True,1.0,0.9483568075117372,202,0,0,0,0,0,2,1,3,False,False,True,False,True
Placentalia,60,ADD,other,3,True,1.0,0.9483568075117372,202,0,2,1,0,0,2,0,0,False,False,True,False,False
Placentalia,171,ADD,other,3,True,1.0,0.9953051643192488,212,0,0,0,0,0,2,1,0,False,False,True,False,False
Placentalia,251,C_terminal_MTase_like,other,3,True,1.0,0.9812206572769951,209,3,2,0,2,0,0,0,0,True,False,False,False,False
Placentalia,289,C_terminal_MTase_like,other,3,True,1.0,1.0,213,3,3,3,3,3,0,0,0,True,True,False,False,False
Placentalia,325,C_terminal_MTase_like,other,3,True,0.9952153110047848,0.9812206572769951,209,0,0,0,0,0,2,0,0,False,False,True,False,False
Placentalia,358,C_terminal_MTase_like,switching_helix_adjacent_loop,3,True,0.9701492537313432,0.943661971830986,201,3,3,2,3,2,1,1,0,True,True,False,False,False
Placentalia,378,C_terminal_MTase_like,other,3,True,0.9852941176470588,0.9577464788732394,204,0,0,0,0,0,2,1,0,False,False,True,False,False
Sauropsida,310,C_terminal_MTase_like,other,3,True,1.0,0.9761904761904762,41,0,0,0,0,0,2,1,0,False,False,True,False,False
Sauropsida,358,C_terminal_MTase_like,switching_helix_adjacent_loop,3,True,0.975,0.9523809523809524,40,0,0,0,0,0,0,0,0,False,False,False,False,False
Sauropsida,369,C_terminal_MTase_like,other,3,True,1.0,0.9047619047619048,38,0,0,0,0,0,3,1,0,False,False,True,False,False
Sauropsida,380,C_terminal_MTase_like,other,3,True,0.918918918918919,0.8809523809523809,37,0,0,0,0,0,2,2,0,False,False,True,True,False
