Scope,Category,Domain,Eligible_Sites,Selected_Sites,Other_Eligible_Sites,Other_Selected_Sites,Fisher_Odds_Ratio,Fisher_p,Fisher_q_within_scope_category
Euarchontoglires,Robust_Pervasive_q10,ADD,133,0,235,1,0.0,1.0,1.0
Euarchontoglires,Robust_Pervasive_q10,C_terminal_MTase_like,201,0,167,1,0.0,1.0,1.0
Euarchontoglires,Robust_Pervasive_q10,N_terminal,30,1,338,0,inf,0.08152173913043478,0.32608695652173914
Euarchontoglires,Robust_Pervasive_q10,linker,4,0,364,1,0.0,1.0,1.0
Euarchontoglires,Robust_Episodic_q10,ADD,133,0,235,0,,1.0,1.0
Euarchontoglires,Robust_Episodic_q10,C_terminal_MTase_like,201,0,167,0,,1.0,1.0
Euarchontoglires,Robust_Episodic_q10,N_terminal,30,0,338,0,,1.0,1.0
Euarchontoglires,Robust_Episodic_q10,linker,4,0,364,0,,1.0,1.0
Euarchontoglires,Robust_Purifying_q05,ADD,133,67,235,96,1.469854797979798,0.04877907489659211,0.19511629958636845
Euarchontoglires,Robust_Purifying_q05,C_terminal_MTase_like,201,85,167,78,0.8360963748894783,0.8301740217024417,0.9687478851031655
Euarchontoglires,Robust_Purifying_q05,N_terminal,30,9,338,154,0.5120593692022264,0.9687478851031655,0.9687478851031655
Euarchontoglires,Robust_Purifying_q05,linker,4,2,364,161,1.2608695652173914,0.598162832099683,0.9687478851031655
Laurasiatheria,Robust_Pervasive_q10,ADD,132,1,245,2,0.9274809160305344,0.726723855748067,1.0
Laurasiatheria,Robust_Pervasive_q10,C_terminal_MTase_like,201,2,176,1,1.7587939698492463,0.5497940064337716,1.0
Laurasiatheria,Robust_Pervasive_q10,C_terminal_tail,7,0,370,3,0.0,1.0,1.0
Laurasiatheria,Robust_Pervasive_q10,N_terminal,33,0,344,3,0.0,1.0,1.0
Laurasiatheria,Robust_Pervasive_q10,linker,4,0,373,3,0.0,1.0,1.0
Laurasiatheria,Robust_Episodic_q10,ADD,132,7,245,8,1.659,0.24155197414899265,0.6038799353724816
Laurasiatheria,Robust_Episodic_q10,C_terminal_MTase_like,201,4,176,11,0.30456852791878175,0.99201678769929,1.0
Laurasiatheria,Robust_Episodic_q10,C_terminal_tail,7,4,370,11,43.515151515151516,5.368276412351681e-05,0.0002684138206175841
Laurasiatheria,Robust_Episodic_q10,N_terminal,33,0,344,15,0.0,1.0,1.0
Laurasiatheria,Robust_Episodic_q10,linker,4,0,373,15,0.0,1.0,1.0
Laurasiatheria,Robust_Purifying_q05,ADD,132,55,245,87,1.297208538587849,0.14342405842183287,0.7171202921091644
Laurasiatheria,Robust_Purifying_q05,C_terminal_MTase_like,201,77,176,65,1.0604218362282878,0.4332629197258442,1.0
Laurasiatheria,Robust_Purifying_q05,C_terminal_tail,7,0,370,142,0.0,1.0,1.0
Laurasiatheria,Robust_Purifying_q05,N_terminal,33,9,344,133,0.5949248120300752,0.9329902336831015,1.0
Laurasiatheria,Robust_Purifying_q05,linker,4,1,373,141,0.5484633569739953,0.8504812834224599,1.0
Placentalia,Robust_Pervasive_q10,ADD,133,0,233,3,0.0,1.0,1.0
Placentalia,Robust_Pervasive_q10,C_terminal_MTase_like,200,3,166,0,inf,0.16205891570814096,0.6482356628325638
Placentalia,Robust_Pervasive_q10,N_terminal,29,0,337,3,0.0,1.0,1.0
Placentalia,Robust_Pervasive_q10,linker,4,0,362,3,0.0,1.0,1.0
Placentalia,Robust_Episodic_q10,ADD,133,3,233,2,2.6653846153846152,0.2551043082424868,1.0
Placentalia,Robust_Episodic_q10,C_terminal_MTase_like,200,2,166,3,0.5488215488215489,0.8668506398759639,1.0
Placentalia,Robust_Episodic_q10,N_terminal,29,0,337,5,0.0,1.0,1.0
Placentalia,Robust_Episodic_q10,linker,4,0,362,5,0.0,1.0,1.0
Placentalia,Robust_Purifying_q05,ADD,133,88,233,137,1.370316301703163,0.09972596471387675,0.398903858855507
Placentalia,Robust_Purifying_q05,C_terminal_MTase_like,200,121,166,104,0.9130963972736125,0.7012839550843031,0.9558881337218057
Placentalia,Robust_Purifying_q05,N_terminal,29,14,337,211,0.557345971563981,0.9558881337218057,0.9558881337218057
Placentalia,Robust_Purifying_q05,linker,4,2,362,223,0.6233183856502242,0.8386468889092248,0.9558881337218057
Sauropsida,Robust_Pervasive_q10,ADD,122,0,187,0,,1.0,1.0
Sauropsida,Robust_Pervasive_q10,C_terminal_MTase_like,185,0,124,0,,1.0,1.0
Sauropsida,Robust_Pervasive_q10,N_terminal,1,0,308,0,,1.0,1.0
Sauropsida,Robust_Pervasive_q10,linker,1,0,308,0,,1.0,1.0
Sauropsida,Robust_Episodic_q10,ADD,122,0,187,3,0.0,1.0,1.0
Sauropsida,Robust_Episodic_q10,C_terminal_MTase_like,185,3,124,0,inf,0.21320288136644353,0.8528115254657741
Sauropsida,Robust_Episodic_q10,N_terminal,1,0,308,3,0.0,1.0,1.0
Sauropsida,Robust_Episodic_q10,linker,1,0,308,3,0.0,1.0,1.0
Sauropsida,Robust_Purifying_q05,ADD,122,50,187,61,1.4344262295081966,0.08457831638019356,0.33831326552077423
Sauropsida,Robust_Purifying_q05,C_terminal_MTase_like,185,61,124,50,0.7280645161290322,0.9249377587810148,1.0
Sauropsida,Robust_Purifying_q05,N_terminal,1,0,308,111,0.0,1.0,1.0
Sauropsida,Robust_Purifying_q05,linker,1,0,308,111,0.0,1.0,1.0
