Scope,Aligner,Dataset,Human_Position,Filtered_Site,FEL_DoubleTriple_alpha,FEL_DoubleTriple_beta,FEL_DoubleTriple_p,FEL_DoubleTriple_direction,Two_Nucleotide_Relative_Rate,Three_Nucleotide_Relative_Rate,Site_Filter,HyPhy_Evaluated_Sites,Prefix_Expanded_Sites,Unevaluable_Target_Sites,Target_Evaluable,Elapsed_Seconds,Output,Command,FEL_DoubleTriple_q_across_focal_tests,Conditional_Diversifying_q05,Conditional_Significant_Aligners,Conditional_Robust_2of3
Euarchontoglires,MACSE,Euarchontoglires_MACSE,358,357,0.3736525985488227,1.000984031930825,0.1486134751435985,diversifying,0.2804863932531349,0.7748962743503728,",357",3;35;357,3;35,,True,105.537,analysis_v2/conditional_sensitivity/Euarchontoglires_MACSE/FEL_primary_sites_DoubleTriple.json,"/opt/anaconda3/bin/hyphy fel --alignment /Volumes/Expansion/Codex_Project_Archive/DNMT3L_Evolution/DNMT3L_Broadened_Reanalysis_20261006/analysis_v2/selection_inputs/Euarchontoglires_MACSE_selection_input.fasta --tree /Volumes/Expansion/Codex_Project_Archive/DNMT3L_Evolution/DNMT3L_Broadened_Reanalysis_20261006/analysis_v2/phylogenies/Euarchontoglires_MACSE/Euarchontoglires_MACSE.treefile --code Universal --branches All --pvalue 0.1 --multiple-hits Double+Triple --site-multihit Estimate --limit-to-sites ,357 --output /Volumes/Expansion/Codex_Project_Archive/DNMT3L_Evolution/DNMT3L_Broadened_Reanalysis_20261006/analysis_v2/conditional_sensitivity/Euarchontoglires_MACSE/FEL_primary_sites_DoubleTriple.json",0.1671901595365483,False,0,False
Euarchontoglires,MAFFT,Euarchontoglires_MAFFT,358,357,0.4288857534603341,1.141702835481251,0.1053941644712315,diversifying,0.1568134945156256,0.0001654873000449628,",357",3;35;357,3;35,,True,80.588,analysis_v2/conditional_sensitivity/Euarchontoglires_MAFFT/FEL_primary_sites_DoubleTriple.json,"/opt/anaconda3/bin/hyphy fel --alignment /Volumes/Expansion/Codex_Project_Archive/DNMT3L_Evolution/DNMT3L_Broadened_Reanalysis_20261006/analysis_v2/selection_inputs/Euarchontoglires_MAFFT_selection_input.fasta --tree /Volumes/Expansion/Codex_Project_Archive/DNMT3L_Evolution/DNMT3L_Broadened_Reanalysis_20261006/analysis_v2/phylogenies/Euarchontoglires_MAFFT/Euarchontoglires_MAFFT.treefile --code Universal --branches All --pvalue 0.1 --multiple-hits Double+Triple --site-multihit Estimate --limit-to-sites ,357 --output /Volumes/Expansion/Codex_Project_Archive/DNMT3L_Evolution/DNMT3L_Broadened_Reanalysis_20261006/analysis_v2/conditional_sensitivity/Euarchontoglires_MAFFT/FEL_primary_sites_DoubleTriple.json",0.1264729973654778,False,0,False
Euarchontoglires,PRANK,Euarchontoglires_PRANK,358,353,0.1873046878907301,0.961389698081739,0.0652511339778572,diversifying,0.3288281771076043,0.0001820354199089305,",353",3;35;353,3;35,,True,94.693,analysis_v2/conditional_sensitivity/Euarchontoglires_PRANK/FEL_primary_sites_DoubleTriple.json,"/opt/anaconda3/bin/hyphy fel --alignment /Volumes/Expansion/Codex_Project_Archive/DNMT3L_Evolution/DNMT3L_Broadened_Reanalysis_20261006/analysis_v2/selection_inputs/Euarchontoglires_PRANK_selection_input.fasta --tree /Volumes/Expansion/Codex_Project_Archive/DNMT3L_Evolution/DNMT3L_Broadened_Reanalysis_20261006/analysis_v2/phylogenies/Euarchontoglires_PRANK/Euarchontoglires_PRANK.treefile --code Universal --branches All --pvalue 0.1 --multiple-hits Double+Triple --site-multihit Estimate --limit-to-sites ,353 --output /Volumes/Expansion/Codex_Project_Archive/DNMT3L_Evolution/DNMT3L_Broadened_Reanalysis_20261006/analysis_v2/conditional_sensitivity/Euarchontoglires_PRANK/FEL_primary_sites_DoubleTriple.json",0.08481078605320728,False,0,False
Laurasiatheria,MACSE,Laurasiatheria_MACSE,52,47,0.0001359542896052203,1.214438469575988,0.001724082836555785,diversifying,3.599366614031386e-05,8.758540874035128e-05,",47,352",3;4;35;47;352,3;4;35,,True,213.704,analysis_v2/conditional_sensitivity/Laurasiatheria_MACSE/FEL_primary_sites_DoubleTriple.json,"/opt/anaconda3/bin/hyphy fel --alignment /Volumes/Expansion/Codex_Project_Archive/DNMT3L_Evolution/DNMT3L_Broadened_Reanalysis_20261006/analysis_v2/selection_inputs/Laurasiatheria_MACSE_selection_input.fasta --tree /Volumes/Expansion/Codex_Project_Archive/DNMT3L_Evolution/DNMT3L_Broadened_Reanalysis_20261006/analysis_v2/phylogenies/Laurasiatheria_MACSE/Laurasiatheria_MACSE.treefile --code Universal --branches All --pvalue 0.1 --multiple-hits Double+Triple --site-multihit Estimate --limit-to-sites ,47,352 --output /Volumes/Expansion/Codex_Project_Archive/DNMT3L_Evolution/DNMT3L_Broadened_Reanalysis_20261006/analysis_v2/conditional_sensitivity/Laurasiatheria_MACSE/FEL_primary_sites_DoubleTriple.json",0.011928822909250347,True,3,True
Laurasiatheria,MAFFT,Laurasiatheria_MAFFT,52,47,0.01195427398831942,1.023099453608615,0.003398869266470927,diversifying,2.470782148029134e-06,0.03253750452002932,",47,352",3;4;35;47;352,3;4;35,,True,191.48,analysis_v2/conditional_sensitivity/Laurasiatheria_MAFFT/FEL_primary_sites_DoubleTriple.json,"/opt/anaconda3/bin/hyphy fel --alignment /Volumes/Expansion/Codex_Project_Archive/DNMT3L_Evolution/DNMT3L_Broadened_Reanalysis_20261006/analysis_v2/selection_inputs/Laurasiatheria_MAFFT_selection_input.fasta --tree /Volumes/Expansion/Codex_Project_Archive/DNMT3L_Evolution/DNMT3L_Broadened_Reanalysis_20261006/analysis_v2/phylogenies/Laurasiatheria_MAFFT/Laurasiatheria_MAFFT.treefile --code Universal --branches All --pvalue 0.1 --multiple-hits Double+Triple --site-multihit Estimate --limit-to-sites ,47,352 --output /Volumes/Expansion/Codex_Project_Archive/DNMT3L_Evolution/DNMT3L_Broadened_Reanalysis_20261006/analysis_v2/conditional_sensitivity/Laurasiatheria_MAFFT/FEL_primary_sites_DoubleTriple.json",0.012235929359295338,True,3,True
Laurasiatheria,PRANK,Laurasiatheria_PRANK,52,46,1.315018633615293e-06,1.171397983036331,0.002575702897256393,diversifying,0.0002494948085788645,0.01188167957175601,",46,350",3;4;35;46;350,3;4;35,,True,165.949,analysis_v2/conditional_sensitivity/Laurasiatheria_PRANK/FEL_primary_sites_DoubleTriple.json,"/opt/anaconda3/bin/hyphy fel --alignment /Volumes/Expansion/Codex_Project_Archive/DNMT3L_Evolution/DNMT3L_Broadened_Reanalysis_20261006/analysis_v2/selection_inputs/Laurasiatheria_PRANK_selection_input.fasta --tree /Volumes/Expansion/Codex_Project_Archive/DNMT3L_Evolution/DNMT3L_Broadened_Reanalysis_20261006/analysis_v2/phylogenies/Laurasiatheria_PRANK/Laurasiatheria_PRANK.treefile --code Universal --branches All --pvalue 0.1 --multiple-hits Double+Triple --site-multihit Estimate --limit-to-sites ,46,350 --output /Volumes/Expansion/Codex_Project_Archive/DNMT3L_Evolution/DNMT3L_Broadened_Reanalysis_20261006/analysis_v2/conditional_sensitivity/Laurasiatheria_PRANK/FEL_primary_sites_DoubleTriple.json",0.011928822909250347,True,3,True
Laurasiatheria,MACSE,Laurasiatheria_MACSE,358,352,0.5465542876896072,1.377565177372495,0.1664241307122898,diversifying,0.1913637468837878,1.632846859066609,",47,352",3;4;35;47;352,3;4;35,,True,213.704,analysis_v2/conditional_sensitivity/Laurasiatheria_MACSE/FEL_primary_sites_DoubleTriple.json,"/opt/anaconda3/bin/hyphy fel --alignment /Volumes/Expansion/Codex_Project_Archive/DNMT3L_Evolution/DNMT3L_Broadened_Reanalysis_20261006/analysis_v2/selection_inputs/Laurasiatheria_MACSE_selection_input.fasta --tree /Volumes/Expansion/Codex_Project_Archive/DNMT3L_Evolution/DNMT3L_Broadened_Reanalysis_20261006/analysis_v2/phylogenies/Laurasiatheria_MACSE/Laurasiatheria_MACSE.treefile --code Universal --branches All --pvalue 0.1 --multiple-hits Double+Triple --site-multihit Estimate --limit-to-sites ,47,352 --output /Volumes/Expansion/Codex_Project_Archive/DNMT3L_Evolution/DNMT3L_Broadened_Reanalysis_20261006/analysis_v2/conditional_sensitivity/Laurasiatheria_MACSE/FEL_primary_sites_DoubleTriple.json",0.17621378546007155,False,0,False
Laurasiatheria,MAFFT,Laurasiatheria_MAFFT,358,352,0.3503068502240995,1.567320650407234,0.06596394470805012,diversifying,0.5434866062413715,0.002178131912568292,",47,352",3;4;35;47;352,3;4;35,,True,191.48,analysis_v2/conditional_sensitivity/Laurasiatheria_MAFFT/FEL_primary_sites_DoubleTriple.json,"/opt/anaconda3/bin/hyphy fel --alignment /Volumes/Expansion/Codex_Project_Archive/DNMT3L_Evolution/DNMT3L_Broadened_Reanalysis_20261006/analysis_v2/selection_inputs/Laurasiatheria_MAFFT_selection_input.fasta --tree /Volumes/Expansion/Codex_Project_Archive/DNMT3L_Evolution/DNMT3L_Broadened_Reanalysis_20261006/analysis_v2/phylogenies/Laurasiatheria_MAFFT/Laurasiatheria_MAFFT.treefile --code Universal --branches All --pvalue 0.1 --multiple-hits Double+Triple --site-multihit Estimate --limit-to-sites ,47,352 --output /Volumes/Expansion/Codex_Project_Archive/DNMT3L_Evolution/DNMT3L_Broadened_Reanalysis_20261006/analysis_v2/conditional_sensitivity/Laurasiatheria_MAFFT/FEL_primary_sites_DoubleTriple.json",0.08481078605320728,False,0,False
Laurasiatheria,PRANK,Laurasiatheria_PRANK,358,350,0.2758594167082937,1.379450602392905,0.04863745509719253,diversifying,0.2613009622942964,5.667546341435398e-05,",46,350",3;4;35;46;350,3;4;35,,True,165.949,analysis_v2/conditional_sensitivity/Laurasiatheria_PRANK/FEL_primary_sites_DoubleTriple.json,"/opt/anaconda3/bin/hyphy fel --alignment /Volumes/Expansion/Codex_Project_Archive/DNMT3L_Evolution/DNMT3L_Broadened_Reanalysis_20261006/analysis_v2/selection_inputs/Laurasiatheria_PRANK_selection_input.fasta --tree /Volumes/Expansion/Codex_Project_Archive/DNMT3L_Evolution/DNMT3L_Broadened_Reanalysis_20261006/analysis_v2/phylogenies/Laurasiatheria_PRANK/Laurasiatheria_PRANK.treefile --code Universal --branches All --pvalue 0.1 --multiple-hits Double+Triple --site-multihit Estimate --limit-to-sites ,46,350 --output /Volumes/Expansion/Codex_Project_Archive/DNMT3L_Evolution/DNMT3L_Broadened_Reanalysis_20261006/analysis_v2/conditional_sensitivity/Laurasiatheria_PRANK/FEL_primary_sites_DoubleTriple.json",0.07958856288631505,False,0,False
Placentalia,MACSE,Placentalia_MACSE,289,286,0.0982897430471402,0.4976181252951502,0.01120299061697305,diversifying,3.007019704405419e-05,0.0004586678476450429,",286,354",2;3;28;35;286;354,2;3;28;35,,True,385.577,analysis_v2/conditional_sensitivity/Placentalia_MACSE/FEL_primary_sites_DoubleTriple.json,"/opt/anaconda3/bin/hyphy fel --alignment /Volumes/Expansion/Codex_Project_Archive/DNMT3L_Evolution/DNMT3L_Broadened_Reanalysis_20261006/analysis_v2/selection_inputs/Placentalia_MACSE_selection_input.fasta --tree /Volumes/Expansion/Codex_Project_Archive/DNMT3L_Evolution/DNMT3L_Broadened_Reanalysis_20261006/analysis_v2/phylogenies/Placentalia_MACSE/Placentalia_MACSE.treefile --code Universal --branches All --pvalue 0.1 --multiple-hits Double+Triple --site-multihit Estimate --limit-to-sites ,286,354 --output /Volumes/Expansion/Codex_Project_Archive/DNMT3L_Evolution/DNMT3L_Broadened_Reanalysis_20261006/analysis_v2/conditional_sensitivity/Placentalia_MACSE/FEL_primary_sites_DoubleTriple.json",0.025206728888189363,True,3,True
Placentalia,MAFFT,Placentalia_MAFFT,289,285,0.09757023252209887,0.4899415973296474,0.009956273775528102,diversifying,1.968691218866419e-06,0.00154634059410983,",285,353",2;3;28;35;285;353,2;3;28;35,,True,417.272,analysis_v2/conditional_sensitivity/Placentalia_MAFFT/FEL_primary_sites_DoubleTriple.json,"/opt/anaconda3/bin/hyphy fel --alignment /Volumes/Expansion/Codex_Project_Archive/DNMT3L_Evolution/DNMT3L_Broadened_Reanalysis_20261006/analysis_v2/selection_inputs/Placentalia_MAFFT_selection_input.fasta --tree /Volumes/Expansion/Codex_Project_Archive/DNMT3L_Evolution/DNMT3L_Broadened_Reanalysis_20261006/analysis_v2/phylogenies/Placentalia_MAFFT/Placentalia_MAFFT.treefile --code Universal --branches All --pvalue 0.1 --multiple-hits Double+Triple --site-multihit Estimate --limit-to-sites ,285,353 --output /Volumes/Expansion/Codex_Project_Archive/DNMT3L_Evolution/DNMT3L_Broadened_Reanalysis_20261006/analysis_v2/conditional_sensitivity/Placentalia_MAFFT/FEL_primary_sites_DoubleTriple.json",0.025206728888189363,True,3,True
Placentalia,PRANK,Placentalia_PRANK,289,282,0.1145159692082206,0.5243000247490263,0.01059701155549242,diversifying,3.462763626884475e-05,0.07149608914737379,",282,350",2;3;28;35;282;350,2;3;28;35,,True,365.3,analysis_v2/conditional_sensitivity/Placentalia_PRANK/FEL_primary_sites_DoubleTriple.json,"/opt/anaconda3/bin/hyphy fel --alignment /Volumes/Expansion/Codex_Project_Archive/DNMT3L_Evolution/DNMT3L_Broadened_Reanalysis_20261006/analysis_v2/selection_inputs/Placentalia_PRANK_selection_input.fasta --tree /Volumes/Expansion/Codex_Project_Archive/DNMT3L_Evolution/DNMT3L_Broadened_Reanalysis_20261006/analysis_v2/phylogenies/Placentalia_PRANK/Placentalia_PRANK.treefile --code Universal --branches All --pvalue 0.1 --multiple-hits Double+Triple --site-multihit Estimate --limit-to-sites ,282,350 --output /Volumes/Expansion/Codex_Project_Archive/DNMT3L_Evolution/DNMT3L_Broadened_Reanalysis_20261006/analysis_v2/conditional_sensitivity/Placentalia_PRANK/FEL_primary_sites_DoubleTriple.json",0.025206728888189363,True,3,True
Placentalia,MACSE,Placentalia_MACSE,358,354,0.3755309442061601,1.029995778977736,0.03505532692710545,diversifying,0.2469466904941046,1.348653436038198,",286,354",2;3;28;35;286;354,2;3;28;35,,True,385.577,analysis_v2/conditional_sensitivity/Placentalia_MACSE/FEL_primary_sites_DoubleTriple.json,"/opt/anaconda3/bin/hyphy fel --alignment /Volumes/Expansion/Codex_Project_Archive/DNMT3L_Evolution/DNMT3L_Broadened_Reanalysis_20261006/analysis_v2/selection_inputs/Placentalia_MACSE_selection_input.fasta --tree /Volumes/Expansion/Codex_Project_Archive/DNMT3L_Evolution/DNMT3L_Broadened_Reanalysis_20261006/analysis_v2/phylogenies/Placentalia_MACSE/Placentalia_MACSE.treefile --code Universal --branches All --pvalue 0.1 --multiple-hits Double+Triple --site-multihit Estimate --limit-to-sites ,286,354 --output /Volumes/Expansion/Codex_Project_Archive/DNMT3L_Evolution/DNMT3L_Broadened_Reanalysis_20261006/analysis_v2/conditional_sensitivity/Placentalia_MACSE/FEL_primary_sites_DoubleTriple.json",0.0701106538542109,False,2,True
Placentalia,MAFFT,Placentalia_MAFFT,358,353,0.2638282462338196,1.126139447262659,0.002650849535388966,diversifying,0.2126265379989946,0.354972625484158,",285,353",2;3;28;35;285;353,2;3;28;35,,True,417.272,analysis_v2/conditional_sensitivity/Placentalia_MAFFT/FEL_primary_sites_DoubleTriple.json,"/opt/anaconda3/bin/hyphy fel --alignment /Volumes/Expansion/Codex_Project_Archive/DNMT3L_Evolution/DNMT3L_Broadened_Reanalysis_20261006/analysis_v2/selection_inputs/Placentalia_MAFFT_selection_input.fasta --tree /Volumes/Expansion/Codex_Project_Archive/DNMT3L_Evolution/DNMT3L_Broadened_Reanalysis_20261006/analysis_v2/phylogenies/Placentalia_MAFFT/Placentalia_MAFFT.treefile --code Universal --branches All --pvalue 0.1 --multiple-hits Double+Triple --site-multihit Estimate --limit-to-sites ,285,353 --output /Volumes/Expansion/Codex_Project_Archive/DNMT3L_Evolution/DNMT3L_Broadened_Reanalysis_20261006/analysis_v2/conditional_sensitivity/Placentalia_MAFFT/FEL_primary_sites_DoubleTriple.json",0.011928822909250347,True,2,True
Placentalia,PRANK,Placentalia_PRANK,358,350,0.1104656214736358,1.103074629272883,0.0003173507774355544,diversifying,0.2822005730660073,1.417879859277563e-05,",282,350",2;3;28;35;282;350,2;3;28;35,,True,365.3,analysis_v2/conditional_sensitivity/Placentalia_PRANK/FEL_primary_sites_DoubleTriple.json,"/opt/anaconda3/bin/hyphy fel --alignment /Volumes/Expansion/Codex_Project_Archive/DNMT3L_Evolution/DNMT3L_Broadened_Reanalysis_20261006/analysis_v2/selection_inputs/Placentalia_PRANK_selection_input.fasta --tree /Volumes/Expansion/Codex_Project_Archive/DNMT3L_Evolution/DNMT3L_Broadened_Reanalysis_20261006/analysis_v2/phylogenies/Placentalia_PRANK/Placentalia_PRANK.treefile --code Universal --branches All --pvalue 0.1 --multiple-hits Double+Triple --site-multihit Estimate --limit-to-sites ,282,350 --output /Volumes/Expansion/Codex_Project_Archive/DNMT3L_Evolution/DNMT3L_Broadened_Reanalysis_20261006/analysis_v2/conditional_sensitivity/Placentalia_PRANK/FEL_primary_sites_DoubleTriple.json",0.005712313993839979,True,2,True
Sauropsida,MACSE,Sauropsida_MACSE,358,350,0.4581982810994578,0.04123033320945326,0.05822027333785396,purifying_or_neutral,0.0003150724966641025,46.27349205998534,",350",3;35;350,3;35,,True,46.988,analysis_v2/conditional_sensitivity/Sauropsida_MACSE/FEL_primary_sites_DoubleTriple.json,"/opt/anaconda3/bin/hyphy fel --alignment /Volumes/Expansion/Codex_Project_Archive/DNMT3L_Evolution/DNMT3L_Broadened_Reanalysis_20261006/analysis_v2/selection_inputs/Sauropsida_MACSE_selection_input.fasta --tree /Volumes/Expansion/Codex_Project_Archive/DNMT3L_Evolution/DNMT3L_Broadened_Reanalysis_20261006/analysis_v2/phylogenies/Sauropsida_MACSE/Sauropsida_MACSE.treefile --code Universal --branches All --pvalue 0.1 --multiple-hits Double+Triple --site-multihit Estimate --limit-to-sites ,350 --output /Volumes/Expansion/Codex_Project_Archive/DNMT3L_Evolution/DNMT3L_Broadened_Reanalysis_20261006/analysis_v2/conditional_sensitivity/Sauropsida_MACSE/FEL_primary_sites_DoubleTriple.json",0.08481078605320728,False,0,False
Sauropsida,MAFFT,Sauropsida_MAFFT,358,343,0.8365503354819342,0.09616335180870772,0.04191930072031147,purifying_or_neutral,3.181595556865301e-06,0.0001221001357305901,",343",3;34;343,3;34,,True,47.31,analysis_v2/conditional_sensitivity/Sauropsida_MAFFT/FEL_primary_sites_DoubleTriple.json,"/opt/anaconda3/bin/hyphy fel --alignment /Volumes/Expansion/Codex_Project_Archive/DNMT3L_Evolution/DNMT3L_Broadened_Reanalysis_20261006/analysis_v2/selection_inputs/Sauropsida_MAFFT_selection_input.fasta --tree /Volumes/Expansion/Codex_Project_Archive/DNMT3L_Evolution/DNMT3L_Broadened_Reanalysis_20261006/analysis_v2/phylogenies/Sauropsida_MAFFT/Sauropsida_MAFFT.treefile --code Universal --branches All --pvalue 0.1 --multiple-hits Double+Triple --site-multihit Estimate --limit-to-sites ,343 --output /Volumes/Expansion/Codex_Project_Archive/DNMT3L_Evolution/DNMT3L_Broadened_Reanalysis_20261006/analysis_v2/conditional_sensitivity/Sauropsida_MAFFT/FEL_primary_sites_DoubleTriple.json",0.07545474129656064,False,0,False
Sauropsida,PRANK,Sauropsida_PRANK,358,310,0.225484878272224,0.0197401679748805,0.183812977809604,purifying_or_neutral,0.0003794100819575787,56.74951885623774,",310",3;31;310,3;31,,True,40.084,analysis_v2/conditional_sensitivity/Sauropsida_PRANK/FEL_primary_sites_DoubleTriple.json,"/opt/anaconda3/bin/hyphy fel --alignment /Volumes/Expansion/Codex_Project_Archive/DNMT3L_Evolution/DNMT3L_Broadened_Reanalysis_20261006/analysis_v2/selection_inputs/Sauropsida_PRANK_selection_input.fasta --tree /Volumes/Expansion/Codex_Project_Archive/DNMT3L_Evolution/DNMT3L_Broadened_Reanalysis_20261006/analysis_v2/phylogenies/Sauropsida_PRANK/Sauropsida_PRANK.treefile --code Universal --branches All --pvalue 0.1 --multiple-hits Double+Triple --site-multihit Estimate --limit-to-sites ,310 --output /Volumes/Expansion/Codex_Project_Archive/DNMT3L_Evolution/DNMT3L_Broadened_Reanalysis_20261006/analysis_v2/conditional_sensitivity/Sauropsida_PRANK/FEL_primary_sites_DoubleTriple.json",0.183812977809604,False,0,False
