Scope,Aligner,Raw_Sequence_Count_Including_Anchor,Biological_Sequence_Count,Raw_Alignment_Codons,Human_Positions_Mapped,Retained_Codons,First_Human_Position,Last_Human_Position,h358_Filtered_Site,h358_Raw_Occupancy,Median_Sequence_Missing_Pct,Exact_Duplicates_Removed,Selection_Sequence_Count,Filtered_SHA256,Selection_Input_SHA256
Placentalia,MACSE,213,213,2905,387,382,1,387,354,0.9906103286384976,0.0,3,210,4c320f9f443203b049c393b5874ab723ea90720e1adaa7aaf86f26bce9fb9435,6341714818f785e40159422c7a75140f638895873ab3e98917f1838c42663179
Placentalia,MAFFT,213,213,2362,387,380,1,385,353,1.0,0.2631578947368421,2,211,2b3f9c607c70377f05428a4ce9cd85482b2baf7756976ec82943324750d944f8,ce1fc5e54888b1c9d96d0a9c42c01b34b354bcd3a1c41837522203dbf6355fc7
Placentalia,PRANK,213,213,6787,387,373,8,387,350,0.9530516431924883,0.0,3,210,816a822b0c165d58de9057014c7eb8a21d1bf5debffe9517feadec4735ebbd1c,a25c77c6c53e17716bd3d8c81b65e3eaa5ba1efb9cb85fda90102a92a71ddabd
Euarchontoglires,MACSE,84,84,1576,387,386,1,387,357,1.0,0.0,1,83,7d6d050c9a170071058803975a2cb1a0155583f41efe774a021bcef0c67c6765,5baa424606df0353eb3f999077d69ab439021fff26edb861f9551271e6b6184c
Euarchontoglires,MAFFT,84,84,1218,387,386,1,387,357,1.0,0.0,1,83,220e332041efd0a52481ccda694e339191fab837db01eff5d119861e6f94f5fb,53c7220022793bf114c1c577ff53bb18298eba511f2c7715083745626fb64909
Euarchontoglires,PRANK,84,84,2417,387,377,1,382,353,0.9404761904761905,0.0,1,83,57bb3336ab46f8a3fc97c21265d40b03ec8df950a8326321d36a2901e68f9844,ad3c5560eabc17dd84810ed1eef227d7301ad60f8da8ef9b5429445a24256c19
Laurasiatheria,MACSE,120,119,1891,387,381,5,387,352,0.9831932773109243,0.0,2,117,9dc95970db18adaabd02c3e31bc0fb3cadb21bf777e16d28da8a0b53438ddcf3,284cf474b1ef195be8f774ac43282edc874455dd242f9ba4272b24150ce69f31
Laurasiatheria,MAFFT,120,119,1757,387,381,6,387,352,1.0,0.0,1,118,4c40303c5cb49d3d7a4cec934ecc7741abbbeb595a80dd4aaf4773de4e4781b4,c95e9cb54c91ad37417451b3e5784fef52fcab9a30f6d73356d51bce0a251fa1
Laurasiatheria,PRANK,120,119,4681,387,379,7,387,350,0.9243697478991597,0.0,2,117,716078f1d0b33b051bb6e2f3e179e3681e72d9d66955df5058edd813aeb7f094,70b6d5ce7c2164e04c633dd47c9ec295f1cb67fff8c7c76c68fd676041ea5b05
Sauropsida,MACSE,43,42,957,387,372,1,380,350,1.0,0.0,0,42,3d547c024fb1df4562c0febf5a0ac49e0ccbc72f898d997caa661d95684df851,3d547c024fb1df4562c0febf5a0ac49e0ccbc72f898d997caa661d95684df851
Sauropsida,MAFFT,43,42,849,387,365,1,380,343,1.0,0.136986301369863,0,42,f04c7661b12efb6690bc7d1d355d452ccc2e0c2c59727cda039a5c7ba83c34d5,f04c7661b12efb6690bc7d1d355d452ccc2e0c2c59727cda039a5c7ba83c34d5
Sauropsida,PRANK,43,42,1465,387,332,6,380,310,0.9523809523809523,0.0,0,42,667f4633513bb632f1424ce0d28b5949f7ae0320111b41e435b6df14bafbcff6,667f4633513bb632f1424ce0d28b5949f7ae0320111b41e435b6df14bafbcff6
