Scope,Aligner,Dataset,Filtered_Site,Human_Position,Domain,Structural_Region,Resolved_N,Occupancy,Amino_Acid_State_Count,Major_Amino_Acid_Frequency,Amino_Acid_Shannon_Entropy,Amino_Acid_Counts,FUBAR_alpha,FUBAR_beta,FUBAR_beta_minus_alpha,FUBAR_PP_negative,FUBAR_PP_positive,FUBAR_BF_positive,FEL_alpha,FEL_beta,FEL_neutral_rate,FEL_LRT,FEL_p,FEL_total_branch_length,FEL_q,FEL_direction,MEME_alpha,MEME_beta_background,MEME_weight_background,MEME_beta_positive,MEME_weight_positive,MEME_LRT,MEME_p,MEME_branches_EBF100,MEME_total_branch_length,MEME_logL,MEME_FEL_logL,MEME_FEL_alpha,MEME_FEL_beta,MEME_q,Species_N,Any_Aligner_Resolved_N,All_Three_Resolved_N,All_Three_Resolved_Fraction,All_Three_Exact_AA_N,All_Three_Exact_Among_Resolved,All_Three_Exact_Among_All_Taxa,Alignment_Stable_Coverage80_Concordance90,MACSE_MAFFT_Exact_Among_Resolved,MACSE_PRANK_Exact_Among_Resolved,MAFFT_PRANK_Exact_Among_Resolved,FUBAR_Positive,FUBAR_Purifying,FEL_Positive_q10,FEL_Positive_q05,FEL_Purifying_q05,MEME_q10,MEME_q05,Joint_Pervasive_q10,Joint_Pervasive_q05,Joint_Purifying_q05
Euarchontoglires,MACSE,Euarchontoglires_MACSE,357,358,C_terminal_MTase_like,switching_helix_adjacent_loop,84,1.0,8,0.6904761904761905,1.6140729204949984,A:58;G:2;L:1;P:5;R:1;S:8;T:8;V:1,1.067603067634804,2.509451181604088,1.441848113969284,0.05841033048367426,0.8701996703041333,23.23357563781848,0.6682389821215442,1.203208028250954,1.055248221969047,1.40226936627144,0.2363439741284199,10.85363516467995,0.34040587318496296,diversifying,4.069366737265444,0.001017341684316361,0.00803325092488462,7.329277912232798,0.9919667490751154,1.395442394741224,0.2537431250722861,6,0,-115.519223668753,-115.5226251003702,1.0,4.069366737265444,0.6825817860300618,84,84,79,0.9404761904761904,76,0.9620253164556962,0.9047619047619048,True,0.9523809523809524,1.0,0.9620253164556962,False,False,False,False,False,False,False,False,False,False
Euarchontoglires,MAFFT,Euarchontoglires_MAFFT,357,358,C_terminal_MTase_like,switching_helix_adjacent_loop,84,1.0,7,0.6547619047619048,1.672030407816414,A:55;G:2;P:9;R:1;S:8;T:8;V:1,0.9114589935386721,2.462599930046293,1.551140936507621,0.02789320184508416,0.9048724825720417,32.74138538084443,0.5187766470534838,1.186802028876547,1.000841890905189,2.495006264980788,0.1142079217757643,10.23861239230918,0.2003829900247501,diversifying,3.148419475729529,0.0007871048689323823,0.008798929712312128,7.189811578767289,0.9912010702876879,2.443134504659014,0.1434935800995586,5,0,-113.1151711563038,-113.1419860608477,1.0,3.148419475729529,0.6825817860300618,84,84,79,0.9404761904761904,76,0.9620253164556962,0.9047619047619048,True,0.9523809523809524,1.0,0.9620253164556962,True,False,False,False,False,False,False,False,False,False
Euarchontoglires,PRANK,Euarchontoglires_PRANK,353,358,C_terminal_MTase_like,switching_helix_adjacent_loop,79,0.9404761904761904,7,0.7088607594936709,1.514777063189893,A:56;G:2;P:5;R:1;S:6;T:8;V:1,0.8613615074494197,2.053287599083044,1.191926091633624,0.0468275118902135,0.8297374583643943,16.49190236037985,0.4254119558684889,1.10412324479087,0.913542024910685,2.578377207890441,0.1083326735744491,8.873930806268302,0.18480279609758965,diversifying,2.774381191861899,0.0002215173949498353,0.00846412718174829,7.296738763707439,0.9915358728182517,2.556781943670416,0.1350577558167786,5,0,-95.34255222627401,-95.35332166978318,1.0,2.781647562819933,0.6829710144927535,84,84,79,0.9404761904761904,76,0.9620253164556962,0.9047619047619048,True,0.9523809523809524,1.0,0.9620253164556962,False,False,False,False,False,False,False,False,False,False
Laurasiatheria,MACSE,Laurasiatheria_MACSE,352,358,C_terminal_MTase_like,switching_helix_adjacent_loop,117,0.9831932773109244,11,0.4700854700854701,2.0826131837895625,A:55;G:5;H:1;I:1;L:7;N:1;P:1;R:2;S:3;T:38;V:3,1.185108927487782,2.814351516147546,1.629242588659764,0.0002838180214670451,0.8264935331991186,14.84661494297293,0.7042485096863662,1.693118352585484,1.451826596621987,2.571452652183609,0.1088077739211408,14.29576909463941,0.18824342481553133,diversifying,3.598069214159339,1.430003513029432,0.4800570316523077,24.26447713853062,0.5199429683476924,4.230106510752705,0.05614373514377302,2,0,-116.2715176879898,-115.4427813578802,0.4366006569479876,4.423583362491276,0.465016588908207,119,119,110,0.9243697478991596,109,0.990909090909091,0.9159663865546218,True,0.9401709401709402,0.990909090909091,1.0,False,False,False,False,False,False,False,False,False,False
Laurasiatheria,MAFFT,Laurasiatheria_MAFFT,352,358,C_terminal_MTase_like,switching_helix_adjacent_loop,119,1.0,10,0.4621848739495798,2.1511287189134496,A:55;G:4;H:2;I:1;L:6;N:1;R:4;S:6;T:37;V:3,1.088770750255234,2.81737161143933,1.728600861184096,3.164413605666713e-05,0.9018851773569352,28.64932900760835,0.5916556895222648,1.894859955509029,1.550686330586957,4.553891670044436,0.03284401465455278,15.77923849054661,0.07516602963585431,diversifying,3.619772208820557,0.0,0.3480910094536807,17.91824098107413,0.6519089905463193,5.654557962894728,0.02692002274858574,5,0,-132.9383907026104,-132.3855998349933,0.5753418646414525,3.560389121097449,0.2772034774921937,119,119,110,0.9243697478991596,109,0.990909090909091,0.9159663865546218,True,0.9401709401709402,0.990909090909091,1.0,True,False,True,False,False,False,False,True,False,False
Laurasiatheria,PRANK,Laurasiatheria_PRANK,350,358,C_terminal_MTase_like,switching_helix_adjacent_loop,110,0.9243697478991596,9,0.4818181818181818,1.9509132714448911,A:53;G:4;H:2;I:1;L:6;N:1;S:3;T:37;V:3,0.6899097943220033,2.817675466422996,2.127765672100992,0.0001574729898714321,0.9749142125330282,118.2248349754764,0.3057585460337447,1.614395615809851,1.279105506891324,5.38375086110014,0.02032513440581685,10.56221591676721,0.050347881959507096,diversifying,2.013762599417434,1.001188658571051,0.539867678643804,23.71407945792494,0.460132321356196,6.31197691592709,0.01921638574020657,2,0,-93.97458240353446,-93.5101047071104,0.6284632680748166,2.227458173292714,0.6069175162948575,119,119,110,0.9243697478991596,109,0.990909090909091,0.9159663865546218,True,0.9401709401709402,0.990909090909091,1.0,True,False,True,False,False,False,False,True,False,False
Placentalia,MACSE,Placentalia_MACSE,354,358,C_terminal_MTase_like,switching_helix_adjacent_loop,211,0.9906103286384976,11,0.5734597156398105,1.9617127123529416,A:121;G:7;H:1;I:1;L:8;N:1;P:6;R:3;S:11;T:48;V:4,0.8827309504224089,2.812787168988838,1.930056218566429,2.452051850609631e-05,0.9938201648139944,636.9718347511732,0.6080215553265792,1.282579580211622,1.106016735899864,4.239153331469311,0.03950186174564829,24.90918080132323,0.06209757690056645,diversifying,3.894251658300947,3.894251658300947,0.5963158404985247,33.75372496736232,0.4036841595014753,6.894811199877608,0.01426369363821967,0,0,-236.1483024171358,-234.8188532644297,0.2646229879782082,3.886881677802954,0.18162436565999715,213,213,201,0.943661971830986,195,0.9701492537313432,0.9154929577464788,True,0.957345971563981,0.9701492537313432,0.9704433497536946,True,False,True,False,False,False,False,True,False,False
Placentalia,MAFFT,Placentalia_MAFFT,353,358,C_terminal_MTase_like,switching_helix_adjacent_loop,213,1.0,11,0.5446009389671361,2.104850951240224,A:116;G:6;H:2;I:1;L:6;N:1;P:12;R:6;S:12;T:47;V:4,0.6573774535140594,2.812881256867701,2.155503803353642,7.774372826511008e-07,0.9993087071318053,5682.636812795979,0.3669693868710419,1.275269560340455,1.022494882942502,9.541401153232982,0.002008883280158136,23.63623486184803,0.004126354845730225,diversifying,2.5631216530373,2.5631216530373,0.4800388834201892,20.41568163001052,0.5199611165798108,11.01737322760431,0.001756308156674158,1,0,-243.4179119357976,-242.6803806315181,0.478293219647974,2.322564224197366,0.04449313996907867,213,213,201,0.943661971830986,195,0.9701492537313432,0.9154929577464788,True,0.957345971563981,0.9701492537313432,0.9704433497536946,True,False,True,True,False,True,True,True,True,False
Placentalia,PRANK,Placentalia_PRANK,350,358,C_terminal_MTase_like,switching_helix_adjacent_loop,203,0.9530516431924884,11,0.5615763546798029,1.9778213895690255,A:114;G:6;H:2;I:1;L:6;N:1;P:5;R:3;S:9;T:50;V:6,0.5189450887122348,2.814718724293412,2.295773635581177,4.386277840014896e-08,0.9999751220055431,156917.2693871338,0.2303014298608076,1.300136836310203,1.002651607621036,12.84438939898899,0.000338492647658506,21.06716031487471,0.0008198555686793685,diversifying,1.608178336447492,0.0,0.0105,9.101477925683774,0.9895,12.8667403939715,0.0006895848650407821,11,0,-207.4030148486395,-207.3912823540907,0.9883360627866148,1.60817833644749,0.12860757733010586,213,213,201,0.943661971830986,195,0.9701492537313432,0.9154929577464788,True,0.957345971563981,0.9701492537313432,0.9704433497536946,True,False,True,True,False,False,False,True,True,False
Sauropsida,MACSE,Sauropsida_MACSE,350,358,C_terminal_MTase_like,switching_helix_adjacent_loop,42,1.0,3,0.9523809523809524,0.3238144752669867,E:1;Q:1;S:40,1.276472425972472,0.6859988786967829,-0.5904735472756891,0.7527260377871056,0.1625006525681314,0.5721034344498992,0.8485065526352346,0.4015886616572797,0.5133181344017682,0.715003535965721,0.3977877467642815,3.226230554895056,0.5480631177641212,purifying,2.232922939895508,0.0,0.8455139300621305,105.4191937210402,0.1544860699378695,9.621522897711017,0.003562205153081699,2,0,-39.40224779552408,-31.01522755618701,0.0002278050726307601,3.86775119261508,0.16926444823239517,42,42,40,0.9523809523809524,39,0.975,0.9285714285714286,True,0.9285714285714286,1.0,0.975,False,False,False,False,False,False,False,False,False,False
Sauropsida,MAFFT,Sauropsida_MAFFT,343,358,C_terminal_MTase_like,switching_helix_adjacent_loop,42,1.0,2,0.9761904761904762,0.1623261801753929,A:1;S:41,1.161146705622221,0.2264987359723709,-0.9346479696498504,0.9743133750174808,0.01601475479599713,0.04728442921256918,0.7306948372424092,0.08568437119044196,0.2457551858455096,4.144357162581066,0.04177351372413918,1.487219868540275,0.10462661715586102,purifying,3.267595649260159,0.002169063236094485,0.5592706642758908,0.7495965319241339,0.4407293357241092,0.0,0.6666666666666666,0,0,-23.85673473458657,-23.90949544975611,1.0,3.408196144091915,0.6778087279480036,42,42,40,0.9523809523809524,39,0.975,0.9285714285714286,True,0.9285714285714286,1.0,0.975,False,True,False,False,False,False,False,False,False,False
Sauropsida,PRANK,Sauropsida_PRANK,310,358,C_terminal_MTase_like,switching_helix_adjacent_loop,40,0.9523809523809524,2,0.975,0.1686609314966702,E:1;S:39,0.9642460777208158,0.5041104100443887,-0.4601356676764271,0.7208789484425653,0.2223411552671592,0.8157411028400553,0.445581864044869,0.2288817232884003,0.2863277560975211,0.2879149940280925,0.5915597595538373,1.584457143188187,0.7247152773869888,purifying,1.272705222502172,0.0,0.8680847825519601,283.0188854106304,0.1319152174480399,11.03167618894082,0.001743641074880675,1,0,-27.10847989667491,-19.63589326444403,0.0005684560069624256,2.344084573699116,0.1759643480716613,42,42,40,0.9523809523809524,39,0.975,0.9285714285714286,True,0.9285714285714286,1.0,0.975,False,False,False,False,False,False,False,False,False,False
