Scope,Aligner,Dataset,Human_Position,Filtered_Site,MEME_DoubleTriple_p,Two_Nucleotide_Relative_Rate,Three_Nucleotide_Relative_Rate,Site_Filter,HyPhy_Evaluated_Sites,Prefix_Expanded_Sites,Unevaluable_Target_Sites,Target_Evaluable,Elapsed_Seconds,Output,Command,MEME_DoubleTriple_q_across_focal_tests,Conditional_Significant_q05,Conditional_Significant_Aligners,Conditional_Robust_2of3
Euarchontoglires,MACSE,Euarchontoglires_MACSE,358,357,0.1765864452369069,6.064589133481031,0.2748996920244751,",357",3;35;357,3;35,,True,0.0,analysis_v2/conditional_sensitivity/Euarchontoglires_MACSE/MEME_episodic_sites_DoubleTriple.json,"/opt/anaconda3/bin/hyphy meme --alignment /Volumes/Expansion/Codex_Project_Archive/DNMT3L_Evolution/DNMT3L_Broadened_Reanalysis_20261006/analysis_v2/selection_inputs/Euarchontoglires_MACSE_selection_input.fasta --tree /Volumes/Expansion/Codex_Project_Archive/DNMT3L_Evolution/DNMT3L_Broadened_Reanalysis_20261006/analysis_v2/phylogenies/Euarchontoglires_MACSE/Euarchontoglires_MACSE.treefile --code Universal --branches All --pvalue 0.1 --multiple-hits Double+Triple --site-multihit Estimate --limit-to-sites ,357 --output /Volumes/Expansion/Codex_Project_Archive/DNMT3L_Evolution/DNMT3L_Broadened_Reanalysis_20261006/analysis_v2/conditional_sensitivity/Euarchontoglires_MACSE/MEME_episodic_sites_DoubleTriple.json",0.44813832729729874,False,0,False
Euarchontoglires,MAFFT,Euarchontoglires_MAFFT,358,357,0.1363761237252169,6.930144282312887,0.1610800787231971,",357",3;35;357,3;35,,True,0.0,analysis_v2/conditional_sensitivity/Euarchontoglires_MAFFT/MEME_episodic_sites_DoubleTriple.json,"/opt/anaconda3/bin/hyphy meme --alignment /Volumes/Expansion/Codex_Project_Archive/DNMT3L_Evolution/DNMT3L_Broadened_Reanalysis_20261006/analysis_v2/selection_inputs/Euarchontoglires_MAFFT_selection_input.fasta --tree /Volumes/Expansion/Codex_Project_Archive/DNMT3L_Evolution/DNMT3L_Broadened_Reanalysis_20261006/analysis_v2/phylogenies/Euarchontoglires_MAFFT/Euarchontoglires_MAFFT.treefile --code Universal --branches All --pvalue 0.1 --multiple-hits Double+Triple --site-multihit Estimate --limit-to-sites ,357 --output /Volumes/Expansion/Codex_Project_Archive/DNMT3L_Evolution/DNMT3L_Broadened_Reanalysis_20261006/analysis_v2/conditional_sensitivity/Euarchontoglires_MAFFT/MEME_episodic_sites_DoubleTriple.json",0.4091283711756507,False,0,False
Euarchontoglires,PRANK,Euarchontoglires_PRANK,358,353,0.09034667211352287,6.170029295012013,0.3437250358811362,",353",3;35;353,3;35,,True,0.0,analysis_v2/conditional_sensitivity/Euarchontoglires_PRANK/MEME_episodic_sites_DoubleTriple.json,"/opt/anaconda3/bin/hyphy meme --alignment /Volumes/Expansion/Codex_Project_Archive/DNMT3L_Evolution/DNMT3L_Broadened_Reanalysis_20261006/analysis_v2/selection_inputs/Euarchontoglires_PRANK_selection_input.fasta --tree /Volumes/Expansion/Codex_Project_Archive/DNMT3L_Evolution/DNMT3L_Broadened_Reanalysis_20261006/analysis_v2/phylogenies/Euarchontoglires_PRANK/Euarchontoglires_PRANK.treefile --code Universal --branches All --pvalue 0.1 --multiple-hits Double+Triple --site-multihit Estimate --limit-to-sites ,353 --output /Volumes/Expansion/Codex_Project_Archive/DNMT3L_Evolution/DNMT3L_Broadened_Reanalysis_20261006/analysis_v2/conditional_sensitivity/Euarchontoglires_PRANK/MEME_episodic_sites_DoubleTriple.json",0.2981440179746255,False,0,False
Laurasiatheria,MACSE,Laurasiatheria_MACSE,50,45,0.6666666666666666,0.3245802665978161,3.599718821629506,",45,50,325,352,374,377,379",3;4;5;32;35;37;45;50;325;352;374;377;379,3;4;5;32;35;37,,True,0.0,analysis_v2/conditional_sensitivity/Laurasiatheria_MACSE/MEME_episodic_sites_DoubleTriple.json,"/opt/anaconda3/bin/hyphy meme --alignment /Volumes/Expansion/Codex_Project_Archive/DNMT3L_Evolution/DNMT3L_Broadened_Reanalysis_20261006/analysis_v2/selection_inputs/Laurasiatheria_MACSE_selection_input.fasta --tree /Volumes/Expansion/Codex_Project_Archive/DNMT3L_Evolution/DNMT3L_Broadened_Reanalysis_20261006/analysis_v2/phylogenies/Laurasiatheria_MACSE/Laurasiatheria_MACSE.treefile --code Universal --branches All --pvalue 0.1 --multiple-hits Double+Triple --site-multihit Estimate --limit-to-sites ,45,50,325,352,374,377,379 --output /Volumes/Expansion/Codex_Project_Archive/DNMT3L_Evolution/DNMT3L_Broadened_Reanalysis_20261006/analysis_v2/conditional_sensitivity/Laurasiatheria_MACSE/MEME_episodic_sites_DoubleTriple.json",0.6875,False,0,False
Laurasiatheria,MAFFT,Laurasiatheria_MAFFT,50,45,0.02919167661502475,0.3118917434500901,3.635112102122808,",45,50,325,352,374,377,379",3;4;5;32;35;37;45;50;325;352;374;377;379,3;4;5;32;35;37,,True,0.0,analysis_v2/conditional_sensitivity/Laurasiatheria_MAFFT/MEME_episodic_sites_DoubleTriple.json,"/opt/anaconda3/bin/hyphy meme --alignment /Volumes/Expansion/Codex_Project_Archive/DNMT3L_Evolution/DNMT3L_Broadened_Reanalysis_20261006/analysis_v2/selection_inputs/Laurasiatheria_MAFFT_selection_input.fasta --tree /Volumes/Expansion/Codex_Project_Archive/DNMT3L_Evolution/DNMT3L_Broadened_Reanalysis_20261006/analysis_v2/phylogenies/Laurasiatheria_MAFFT/Laurasiatheria_MAFFT.treefile --code Universal --branches All --pvalue 0.1 --multiple-hits Double+Triple --site-multihit Estimate --limit-to-sites ,45,50,325,352,374,377,379 --output /Volumes/Expansion/Codex_Project_Archive/DNMT3L_Evolution/DNMT3L_Broadened_Reanalysis_20261006/analysis_v2/conditional_sensitivity/Laurasiatheria_MAFFT/MEME_episodic_sites_DoubleTriple.json",0.16055422138263611,False,0,False
Laurasiatheria,PRANK,Laurasiatheria_PRANK,50,44,1.0,0.0,0.0,",44,49,323,350,372,375,377",3;4;32;35;37;49;323;350;372;375;377,3;4;32;35;37,44,False,0.0,analysis_v2/conditional_sensitivity/Laurasiatheria_PRANK/MEME_episodic_sites_DoubleTriple.json,"/opt/anaconda3/bin/hyphy meme --alignment /Volumes/Expansion/Codex_Project_Archive/DNMT3L_Evolution/DNMT3L_Broadened_Reanalysis_20261006/analysis_v2/selection_inputs/Laurasiatheria_PRANK_selection_input.fasta --tree /Volumes/Expansion/Codex_Project_Archive/DNMT3L_Evolution/DNMT3L_Broadened_Reanalysis_20261006/analysis_v2/phylogenies/Laurasiatheria_PRANK/Laurasiatheria_PRANK.treefile --code Universal --branches All --pvalue 0.1 --multiple-hits Double+Triple --site-multihit Estimate --limit-to-sites ,44,49,323,350,372,375,377 --output /Volumes/Expansion/Codex_Project_Archive/DNMT3L_Evolution/DNMT3L_Broadened_Reanalysis_20261006/analysis_v2/conditional_sensitivity/Laurasiatheria_PRANK/MEME_episodic_sites_DoubleTriple.json",1.0,False,0,False
Laurasiatheria,MACSE,Laurasiatheria_MACSE,55,50,0.6666666666666666,0.007333935806110269,0.06097758648487243,",45,50,325,352,374,377,379",3;4;5;32;35;37;45;50;325;352;374;377;379,3;4;5;32;35;37,,True,0.0,analysis_v2/conditional_sensitivity/Laurasiatheria_MACSE/MEME_episodic_sites_DoubleTriple.json,"/opt/anaconda3/bin/hyphy meme --alignment /Volumes/Expansion/Codex_Project_Archive/DNMT3L_Evolution/DNMT3L_Broadened_Reanalysis_20261006/analysis_v2/selection_inputs/Laurasiatheria_MACSE_selection_input.fasta --tree /Volumes/Expansion/Codex_Project_Archive/DNMT3L_Evolution/DNMT3L_Broadened_Reanalysis_20261006/analysis_v2/phylogenies/Laurasiatheria_MACSE/Laurasiatheria_MACSE.treefile --code Universal --branches All --pvalue 0.1 --multiple-hits Double+Triple --site-multihit Estimate --limit-to-sites ,45,50,325,352,374,377,379 --output /Volumes/Expansion/Codex_Project_Archive/DNMT3L_Evolution/DNMT3L_Broadened_Reanalysis_20261006/analysis_v2/conditional_sensitivity/Laurasiatheria_MACSE/MEME_episodic_sites_DoubleTriple.json",0.6875,False,0,False
Laurasiatheria,MAFFT,Laurasiatheria_MAFFT,55,50,0.6666666666666666,0.006594620825287378,0.4190553127075338,",45,50,325,352,374,377,379",3;4;5;32;35;37;45;50;325;352;374;377;379,3;4;5;32;35;37,,True,0.0,analysis_v2/conditional_sensitivity/Laurasiatheria_MAFFT/MEME_episodic_sites_DoubleTriple.json,"/opt/anaconda3/bin/hyphy meme --alignment /Volumes/Expansion/Codex_Project_Archive/DNMT3L_Evolution/DNMT3L_Broadened_Reanalysis_20261006/analysis_v2/selection_inputs/Laurasiatheria_MAFFT_selection_input.fasta --tree /Volumes/Expansion/Codex_Project_Archive/DNMT3L_Evolution/DNMT3L_Broadened_Reanalysis_20261006/analysis_v2/phylogenies/Laurasiatheria_MAFFT/Laurasiatheria_MAFFT.treefile --code Universal --branches All --pvalue 0.1 --multiple-hits Double+Triple --site-multihit Estimate --limit-to-sites ,45,50,325,352,374,377,379 --output /Volumes/Expansion/Codex_Project_Archive/DNMT3L_Evolution/DNMT3L_Broadened_Reanalysis_20261006/analysis_v2/conditional_sensitivity/Laurasiatheria_MAFFT/MEME_episodic_sites_DoubleTriple.json",0.6875,False,0,False
Laurasiatheria,PRANK,Laurasiatheria_PRANK,55,49,0.6666666666666666,0.0,0.2086402557679051,",44,49,323,350,372,375,377",3;4;32;35;37;49;323;350;372;375;377,3;4;32;35;37,44,True,0.0,analysis_v2/conditional_sensitivity/Laurasiatheria_PRANK/MEME_episodic_sites_DoubleTriple.json,"/opt/anaconda3/bin/hyphy meme --alignment /Volumes/Expansion/Codex_Project_Archive/DNMT3L_Evolution/DNMT3L_Broadened_Reanalysis_20261006/analysis_v2/selection_inputs/Laurasiatheria_PRANK_selection_input.fasta --tree /Volumes/Expansion/Codex_Project_Archive/DNMT3L_Evolution/DNMT3L_Broadened_Reanalysis_20261006/analysis_v2/phylogenies/Laurasiatheria_PRANK/Laurasiatheria_PRANK.treefile --code Universal --branches All --pvalue 0.1 --multiple-hits Double+Triple --site-multihit Estimate --limit-to-sites ,44,49,323,350,372,375,377 --output /Volumes/Expansion/Codex_Project_Archive/DNMT3L_Evolution/DNMT3L_Broadened_Reanalysis_20261006/analysis_v2/conditional_sensitivity/Laurasiatheria_PRANK/MEME_episodic_sites_DoubleTriple.json",0.6875,False,0,False
Laurasiatheria,MACSE,Laurasiatheria_MACSE,330,325,0.4057874868609682,1.278707554160136,0.001222537467210052,",45,50,325,352,374,377,379",3;4;5;32;35;37;45;50;325;352;374;377;379,3;4;5;32;35;37,,True,0.0,analysis_v2/conditional_sensitivity/Laurasiatheria_MACSE/MEME_episodic_sites_DoubleTriple.json,"/opt/anaconda3/bin/hyphy meme --alignment /Volumes/Expansion/Codex_Project_Archive/DNMT3L_Evolution/DNMT3L_Broadened_Reanalysis_20261006/analysis_v2/selection_inputs/Laurasiatheria_MACSE_selection_input.fasta --tree /Volumes/Expansion/Codex_Project_Archive/DNMT3L_Evolution/DNMT3L_Broadened_Reanalysis_20261006/analysis_v2/phylogenies/Laurasiatheria_MACSE/Laurasiatheria_MACSE.treefile --code Universal --branches All --pvalue 0.1 --multiple-hits Double+Triple --site-multihit Estimate --limit-to-sites ,45,50,325,352,374,377,379 --output /Volumes/Expansion/Codex_Project_Archive/DNMT3L_Evolution/DNMT3L_Broadened_Reanalysis_20261006/analysis_v2/conditional_sensitivity/Laurasiatheria_MACSE/MEME_episodic_sites_DoubleTriple.json",0.6875,False,0,False
Laurasiatheria,MAFFT,Laurasiatheria_MAFFT,330,325,0.5711588744019076,1.928585282107979,0.3280877764980838,",45,50,325,352,374,377,379",3;4;5;32;35;37;45;50;325;352;374;377;379,3;4;5;32;35;37,,True,0.0,analysis_v2/conditional_sensitivity/Laurasiatheria_MAFFT/MEME_episodic_sites_DoubleTriple.json,"/opt/anaconda3/bin/hyphy meme --alignment /Volumes/Expansion/Codex_Project_Archive/DNMT3L_Evolution/DNMT3L_Broadened_Reanalysis_20261006/analysis_v2/selection_inputs/Laurasiatheria_MAFFT_selection_input.fasta --tree /Volumes/Expansion/Codex_Project_Archive/DNMT3L_Evolution/DNMT3L_Broadened_Reanalysis_20261006/analysis_v2/phylogenies/Laurasiatheria_MAFFT/Laurasiatheria_MAFFT.treefile --code Universal --branches All --pvalue 0.1 --multiple-hits Double+Triple --site-multihit Estimate --limit-to-sites ,45,50,325,352,374,377,379 --output /Volumes/Expansion/Codex_Project_Archive/DNMT3L_Evolution/DNMT3L_Broadened_Reanalysis_20261006/analysis_v2/conditional_sensitivity/Laurasiatheria_MAFFT/MEME_episodic_sites_DoubleTriple.json",0.6875,False,0,False
Laurasiatheria,PRANK,Laurasiatheria_PRANK,330,323,0.007563282217168066,1.745356387473066,0.170680757685169,",44,49,323,350,372,375,377",3;4;32;35;37;49;323;350;372;375;377,3;4;32;35;37,44,True,0.0,analysis_v2/conditional_sensitivity/Laurasiatheria_PRANK/MEME_episodic_sites_DoubleTriple.json,"/opt/anaconda3/bin/hyphy meme --alignment /Volumes/Expansion/Codex_Project_Archive/DNMT3L_Evolution/DNMT3L_Broadened_Reanalysis_20261006/analysis_v2/selection_inputs/Laurasiatheria_PRANK_selection_input.fasta --tree /Volumes/Expansion/Codex_Project_Archive/DNMT3L_Evolution/DNMT3L_Broadened_Reanalysis_20261006/analysis_v2/phylogenies/Laurasiatheria_PRANK/Laurasiatheria_PRANK.treefile --code Universal --branches All --pvalue 0.1 --multiple-hits Double+Triple --site-multihit Estimate --limit-to-sites ,44,49,323,350,372,375,377 --output /Volumes/Expansion/Codex_Project_Archive/DNMT3L_Evolution/DNMT3L_Broadened_Reanalysis_20261006/analysis_v2/conditional_sensitivity/Laurasiatheria_PRANK/MEME_episodic_sites_DoubleTriple.json",0.06239707829163654,False,0,False
Laurasiatheria,MACSE,Laurasiatheria_MACSE,358,352,0.190119290368551,8.611615396034635,0.1935065597619673,",45,50,325,352,374,377,379",3;4;5;32;35;37;45;50;325;352;374;377;379,3;4;5;32;35;37,,True,0.0,analysis_v2/conditional_sensitivity/Laurasiatheria_MACSE/MEME_episodic_sites_DoubleTriple.json,"/opt/anaconda3/bin/hyphy meme --alignment /Volumes/Expansion/Codex_Project_Archive/DNMT3L_Evolution/DNMT3L_Broadened_Reanalysis_20261006/analysis_v2/selection_inputs/Laurasiatheria_MACSE_selection_input.fasta --tree /Volumes/Expansion/Codex_Project_Archive/DNMT3L_Evolution/DNMT3L_Broadened_Reanalysis_20261006/analysis_v2/phylogenies/Laurasiatheria_MACSE/Laurasiatheria_MACSE.treefile --code Universal --branches All --pvalue 0.1 --multiple-hits Double+Triple --site-multihit Estimate --limit-to-sites ,45,50,325,352,374,377,379 --output /Volumes/Expansion/Codex_Project_Archive/DNMT3L_Evolution/DNMT3L_Broadened_Reanalysis_20261006/analysis_v2/conditional_sensitivity/Laurasiatheria_MACSE/MEME_episodic_sites_DoubleTriple.json",0.44813832729729874,False,0,False
Laurasiatheria,MAFFT,Laurasiatheria_MAFFT,358,352,0.08702292484326257,9.155117503981758,0.5235115512630213,",45,50,325,352,374,377,379",3;4;5;32;35;37;45;50;325;352;374;377;379,3;4;5;32;35;37,,True,0.0,analysis_v2/conditional_sensitivity/Laurasiatheria_MAFFT/MEME_episodic_sites_DoubleTriple.json,"/opt/anaconda3/bin/hyphy meme --alignment /Volumes/Expansion/Codex_Project_Archive/DNMT3L_Evolution/DNMT3L_Broadened_Reanalysis_20261006/analysis_v2/selection_inputs/Laurasiatheria_MAFFT_selection_input.fasta --tree /Volumes/Expansion/Codex_Project_Archive/DNMT3L_Evolution/DNMT3L_Broadened_Reanalysis_20261006/analysis_v2/phylogenies/Laurasiatheria_MAFFT/Laurasiatheria_MAFFT.treefile --code Universal --branches All --pvalue 0.1 --multiple-hits Double+Triple --site-multihit Estimate --limit-to-sites ,45,50,325,352,374,377,379 --output /Volumes/Expansion/Codex_Project_Archive/DNMT3L_Evolution/DNMT3L_Broadened_Reanalysis_20261006/analysis_v2/conditional_sensitivity/Laurasiatheria_MAFFT/MEME_episodic_sites_DoubleTriple.json",0.2981440179746255,False,0,False
Laurasiatheria,PRANK,Laurasiatheria_PRANK,358,350,0.06709880343614094,9.911380474276603,0.2650853733888023,",44,49,323,350,372,375,377",3;4;32;35;37;49;323;350;372;375;377,3;4;32;35;37,44,True,0.0,analysis_v2/conditional_sensitivity/Laurasiatheria_PRANK/MEME_episodic_sites_DoubleTriple.json,"/opt/anaconda3/bin/hyphy meme --alignment /Volumes/Expansion/Codex_Project_Archive/DNMT3L_Evolution/DNMT3L_Broadened_Reanalysis_20261006/analysis_v2/selection_inputs/Laurasiatheria_PRANK_selection_input.fasta --tree /Volumes/Expansion/Codex_Project_Archive/DNMT3L_Evolution/DNMT3L_Broadened_Reanalysis_20261006/analysis_v2/phylogenies/Laurasiatheria_PRANK/Laurasiatheria_PRANK.treefile --code Universal --branches All --pvalue 0.1 --multiple-hits Double+Triple --site-multihit Estimate --limit-to-sites ,44,49,323,350,372,375,377 --output /Volumes/Expansion/Codex_Project_Archive/DNMT3L_Evolution/DNMT3L_Broadened_Reanalysis_20261006/analysis_v2/conditional_sensitivity/Laurasiatheria_PRANK/MEME_episodic_sites_DoubleTriple.json",0.27678256417408137,False,0,False
Laurasiatheria,MACSE,Laurasiatheria_MACSE,380,374,0.6666666666666666,0.4538272487910401,8.073931440978308,",45,50,325,352,374,377,379",3;4;5;32;35;37;45;50;325;352;374;377;379,3;4;5;32;35;37,,True,0.0,analysis_v2/conditional_sensitivity/Laurasiatheria_MACSE/MEME_episodic_sites_DoubleTriple.json,"/opt/anaconda3/bin/hyphy meme --alignment /Volumes/Expansion/Codex_Project_Archive/DNMT3L_Evolution/DNMT3L_Broadened_Reanalysis_20261006/analysis_v2/selection_inputs/Laurasiatheria_MACSE_selection_input.fasta --tree /Volumes/Expansion/Codex_Project_Archive/DNMT3L_Evolution/DNMT3L_Broadened_Reanalysis_20261006/analysis_v2/phylogenies/Laurasiatheria_MACSE/Laurasiatheria_MACSE.treefile --code Universal --branches All --pvalue 0.1 --multiple-hits Double+Triple --site-multihit Estimate --limit-to-sites ,45,50,325,352,374,377,379 --output /Volumes/Expansion/Codex_Project_Archive/DNMT3L_Evolution/DNMT3L_Broadened_Reanalysis_20261006/analysis_v2/conditional_sensitivity/Laurasiatheria_MACSE/MEME_episodic_sites_DoubleTriple.json",0.6875,False,0,False
Laurasiatheria,MAFFT,Laurasiatheria_MAFFT,380,374,0.6666666666666666,0.6971703473368114,4.206679921736849,",45,50,325,352,374,377,379",3;4;5;32;35;37;45;50;325;352;374;377;379,3;4;5;32;35;37,,True,0.0,analysis_v2/conditional_sensitivity/Laurasiatheria_MAFFT/MEME_episodic_sites_DoubleTriple.json,"/opt/anaconda3/bin/hyphy meme --alignment /Volumes/Expansion/Codex_Project_Archive/DNMT3L_Evolution/DNMT3L_Broadened_Reanalysis_20261006/analysis_v2/selection_inputs/Laurasiatheria_MAFFT_selection_input.fasta --tree /Volumes/Expansion/Codex_Project_Archive/DNMT3L_Evolution/DNMT3L_Broadened_Reanalysis_20261006/analysis_v2/phylogenies/Laurasiatheria_MAFFT/Laurasiatheria_MAFFT.treefile --code Universal --branches All --pvalue 0.1 --multiple-hits Double+Triple --site-multihit Estimate --limit-to-sites ,45,50,325,352,374,377,379 --output /Volumes/Expansion/Codex_Project_Archive/DNMT3L_Evolution/DNMT3L_Broadened_Reanalysis_20261006/analysis_v2/conditional_sensitivity/Laurasiatheria_MAFFT/MEME_episodic_sites_DoubleTriple.json",0.6875,False,0,False
Laurasiatheria,PRANK,Laurasiatheria_PRANK,380,372,0.6666666666666666,0.02036916492298264,39.10629410669681,",44,49,323,350,372,375,377",3;4;32;35;37;49;323;350;372;375;377,3;4;32;35;37,44,True,0.0,analysis_v2/conditional_sensitivity/Laurasiatheria_PRANK/MEME_episodic_sites_DoubleTriple.json,"/opt/anaconda3/bin/hyphy meme --alignment /Volumes/Expansion/Codex_Project_Archive/DNMT3L_Evolution/DNMT3L_Broadened_Reanalysis_20261006/analysis_v2/selection_inputs/Laurasiatheria_PRANK_selection_input.fasta --tree /Volumes/Expansion/Codex_Project_Archive/DNMT3L_Evolution/DNMT3L_Broadened_Reanalysis_20261006/analysis_v2/phylogenies/Laurasiatheria_PRANK/Laurasiatheria_PRANK.treefile --code Universal --branches All --pvalue 0.1 --multiple-hits Double+Triple --site-multihit Estimate --limit-to-sites ,44,49,323,350,372,375,377 --output /Volumes/Expansion/Codex_Project_Archive/DNMT3L_Evolution/DNMT3L_Broadened_Reanalysis_20261006/analysis_v2/conditional_sensitivity/Laurasiatheria_PRANK/MEME_episodic_sites_DoubleTriple.json",0.6875,False,0,False
Laurasiatheria,MACSE,Laurasiatheria_MACSE,383,377,0.6666666666666666,0.9722663627120418,3.967106244082429,",45,50,325,352,374,377,379",3;4;5;32;35;37;45;50;325;352;374;377;379,3;4;5;32;35;37,,True,0.0,analysis_v2/conditional_sensitivity/Laurasiatheria_MACSE/MEME_episodic_sites_DoubleTriple.json,"/opt/anaconda3/bin/hyphy meme --alignment /Volumes/Expansion/Codex_Project_Archive/DNMT3L_Evolution/DNMT3L_Broadened_Reanalysis_20261006/analysis_v2/selection_inputs/Laurasiatheria_MACSE_selection_input.fasta --tree /Volumes/Expansion/Codex_Project_Archive/DNMT3L_Evolution/DNMT3L_Broadened_Reanalysis_20261006/analysis_v2/phylogenies/Laurasiatheria_MACSE/Laurasiatheria_MACSE.treefile --code Universal --branches All --pvalue 0.1 --multiple-hits Double+Triple --site-multihit Estimate --limit-to-sites ,45,50,325,352,374,377,379 --output /Volumes/Expansion/Codex_Project_Archive/DNMT3L_Evolution/DNMT3L_Broadened_Reanalysis_20261006/analysis_v2/conditional_sensitivity/Laurasiatheria_MACSE/MEME_episodic_sites_DoubleTriple.json",0.6875,False,1,False
Laurasiatheria,MAFFT,Laurasiatheria_MAFFT,383,377,6.985734181896852e-06,2.630607095385409,2.476196478669809,",45,50,325,352,374,377,379",3;4;5;32;35;37;45;50;325;352;374;377;379,3;4;5;32;35;37,,True,0.0,analysis_v2/conditional_sensitivity/Laurasiatheria_MAFFT/MEME_episodic_sites_DoubleTriple.json,"/opt/anaconda3/bin/hyphy meme --alignment /Volumes/Expansion/Codex_Project_Archive/DNMT3L_Evolution/DNMT3L_Broadened_Reanalysis_20261006/analysis_v2/selection_inputs/Laurasiatheria_MAFFT_selection_input.fasta --tree /Volumes/Expansion/Codex_Project_Archive/DNMT3L_Evolution/DNMT3L_Broadened_Reanalysis_20261006/analysis_v2/phylogenies/Laurasiatheria_MAFFT/Laurasiatheria_MAFFT.treefile --code Universal --branches All --pvalue 0.1 --multiple-hits Double+Triple --site-multihit Estimate --limit-to-sites ,45,50,325,352,374,377,379 --output /Volumes/Expansion/Codex_Project_Archive/DNMT3L_Evolution/DNMT3L_Broadened_Reanalysis_20261006/analysis_v2/conditional_sensitivity/Laurasiatheria_MAFFT/MEME_episodic_sites_DoubleTriple.json",0.00023052922800259612,True,1,False
Laurasiatheria,PRANK,Laurasiatheria_PRANK,383,375,0.1548524813194238,1.845220055429111,0.003379851941499994,",44,49,323,350,372,375,377",3;4;32;35;37;49;323;350;372;375;377,3;4;32;35;37,44,True,0.0,analysis_v2/conditional_sensitivity/Laurasiatheria_PRANK/MEME_episodic_sites_DoubleTriple.json,"/opt/anaconda3/bin/hyphy meme --alignment /Volumes/Expansion/Codex_Project_Archive/DNMT3L_Evolution/DNMT3L_Broadened_Reanalysis_20261006/analysis_v2/selection_inputs/Laurasiatheria_PRANK_selection_input.fasta --tree /Volumes/Expansion/Codex_Project_Archive/DNMT3L_Evolution/DNMT3L_Broadened_Reanalysis_20261006/analysis_v2/phylogenies/Laurasiatheria_PRANK/Laurasiatheria_PRANK.treefile --code Universal --branches All --pvalue 0.1 --multiple-hits Double+Triple --site-multihit Estimate --limit-to-sites ,44,49,323,350,372,375,377 --output /Volumes/Expansion/Codex_Project_Archive/DNMT3L_Evolution/DNMT3L_Broadened_Reanalysis_20261006/analysis_v2/conditional_sensitivity/Laurasiatheria_PRANK/MEME_episodic_sites_DoubleTriple.json",0.42584432362841546,False,1,False
Laurasiatheria,MACSE,Laurasiatheria_MACSE,385,379,0.6666666666666666,0.07294821933981606,37.94230297047458,",45,50,325,352,374,377,379",3;4;5;32;35;37;45;50;325;352;374;377;379,3;4;5;32;35;37,,True,0.0,analysis_v2/conditional_sensitivity/Laurasiatheria_MACSE/MEME_episodic_sites_DoubleTriple.json,"/opt/anaconda3/bin/hyphy meme --alignment /Volumes/Expansion/Codex_Project_Archive/DNMT3L_Evolution/DNMT3L_Broadened_Reanalysis_20261006/analysis_v2/selection_inputs/Laurasiatheria_MACSE_selection_input.fasta --tree /Volumes/Expansion/Codex_Project_Archive/DNMT3L_Evolution/DNMT3L_Broadened_Reanalysis_20261006/analysis_v2/phylogenies/Laurasiatheria_MACSE/Laurasiatheria_MACSE.treefile --code Universal --branches All --pvalue 0.1 --multiple-hits Double+Triple --site-multihit Estimate --limit-to-sites ,45,50,325,352,374,377,379 --output /Volumes/Expansion/Codex_Project_Archive/DNMT3L_Evolution/DNMT3L_Broadened_Reanalysis_20261006/analysis_v2/conditional_sensitivity/Laurasiatheria_MACSE/MEME_episodic_sites_DoubleTriple.json",0.6875,False,0,False
Laurasiatheria,MAFFT,Laurasiatheria_MAFFT,385,379,0.6666666666666666,0.05985743723942179,0.346458990080143,",45,50,325,352,374,377,379",3;4;5;32;35;37;45;50;325;352;374;377;379,3;4;5;32;35;37,,True,0.0,analysis_v2/conditional_sensitivity/Laurasiatheria_MAFFT/MEME_episodic_sites_DoubleTriple.json,"/opt/anaconda3/bin/hyphy meme --alignment /Volumes/Expansion/Codex_Project_Archive/DNMT3L_Evolution/DNMT3L_Broadened_Reanalysis_20261006/analysis_v2/selection_inputs/Laurasiatheria_MAFFT_selection_input.fasta --tree /Volumes/Expansion/Codex_Project_Archive/DNMT3L_Evolution/DNMT3L_Broadened_Reanalysis_20261006/analysis_v2/phylogenies/Laurasiatheria_MAFFT/Laurasiatheria_MAFFT.treefile --code Universal --branches All --pvalue 0.1 --multiple-hits Double+Triple --site-multihit Estimate --limit-to-sites ,45,50,325,352,374,377,379 --output /Volumes/Expansion/Codex_Project_Archive/DNMT3L_Evolution/DNMT3L_Broadened_Reanalysis_20261006/analysis_v2/conditional_sensitivity/Laurasiatheria_MAFFT/MEME_episodic_sites_DoubleTriple.json",0.6875,False,0,False
Laurasiatheria,PRANK,Laurasiatheria_PRANK,385,377,0.6666666666666666,0.008442587460031006,307.2352365822352,",44,49,323,350,372,375,377",3;4;32;35;37;49;323;350;372;375;377,3;4;32;35;37,44,True,0.0,analysis_v2/conditional_sensitivity/Laurasiatheria_PRANK/MEME_episodic_sites_DoubleTriple.json,"/opt/anaconda3/bin/hyphy meme --alignment /Volumes/Expansion/Codex_Project_Archive/DNMT3L_Evolution/DNMT3L_Broadened_Reanalysis_20261006/analysis_v2/selection_inputs/Laurasiatheria_PRANK_selection_input.fasta --tree /Volumes/Expansion/Codex_Project_Archive/DNMT3L_Evolution/DNMT3L_Broadened_Reanalysis_20261006/analysis_v2/phylogenies/Laurasiatheria_PRANK/Laurasiatheria_PRANK.treefile --code Universal --branches All --pvalue 0.1 --multiple-hits Double+Triple --site-multihit Estimate --limit-to-sites ,44,49,323,350,372,375,377 --output /Volumes/Expansion/Codex_Project_Archive/DNMT3L_Evolution/DNMT3L_Broadened_Reanalysis_20261006/analysis_v2/conditional_sensitivity/Laurasiatheria_PRANK/MEME_episodic_sites_DoubleTriple.json",0.6875,False,0,False
Placentalia,MACSE,Placentalia_MACSE,358,354,0.05100724662083744,6.557671954558054,0.2554133786846315,",354",3;35;354,3;35,,True,0.0,analysis_v2/conditional_sensitivity/Placentalia_MACSE/MEME_episodic_sites_DoubleTriple.json,"/opt/anaconda3/bin/hyphy meme --alignment /Volumes/Expansion/Codex_Project_Archive/DNMT3L_Evolution/DNMT3L_Broadened_Reanalysis_20261006/analysis_v2/selection_inputs/Placentalia_MACSE_selection_input.fasta --tree /Volumes/Expansion/Codex_Project_Archive/DNMT3L_Evolution/DNMT3L_Broadened_Reanalysis_20261006/analysis_v2/phylogenies/Placentalia_MACSE/Placentalia_MACSE.treefile --code Universal --branches All --pvalue 0.1 --multiple-hits Double+Triple --site-multihit Estimate --limit-to-sites ,354 --output /Volumes/Expansion/Codex_Project_Archive/DNMT3L_Evolution/DNMT3L_Broadened_Reanalysis_20261006/analysis_v2/conditional_sensitivity/Placentalia_MACSE/MEME_episodic_sites_DoubleTriple.json",0.2404627340696622,False,1,False
Placentalia,MAFFT,Placentalia_MAFFT,358,353,0.004924826242434066,7.153245888984629,0.2069783366035449,",353",3;35;353,3;35,,True,0.0,analysis_v2/conditional_sensitivity/Placentalia_MAFFT/MEME_episodic_sites_DoubleTriple.json,"/opt/anaconda3/bin/hyphy meme --alignment /Volumes/Expansion/Codex_Project_Archive/DNMT3L_Evolution/DNMT3L_Broadened_Reanalysis_20261006/analysis_v2/selection_inputs/Placentalia_MAFFT_selection_input.fasta --tree /Volumes/Expansion/Codex_Project_Archive/DNMT3L_Evolution/DNMT3L_Broadened_Reanalysis_20261006/analysis_v2/phylogenies/Placentalia_MAFFT/Placentalia_MAFFT.treefile --code Universal --branches All --pvalue 0.1 --multiple-hits Double+Triple --site-multihit Estimate --limit-to-sites ,353 --output /Volumes/Expansion/Codex_Project_Archive/DNMT3L_Evolution/DNMT3L_Broadened_Reanalysis_20261006/analysis_v2/conditional_sensitivity/Placentalia_MAFFT/MEME_episodic_sites_DoubleTriple.json",0.05417308866677473,False,1,False
Placentalia,PRANK,Placentalia_PRANK,358,350,0.0006657570691213088,7.713281327046238,0.2825498624878185,",350",3;35;350,3;35,,True,0.0,analysis_v2/conditional_sensitivity/Placentalia_PRANK/MEME_episodic_sites_DoubleTriple.json,"/opt/anaconda3/bin/hyphy meme --alignment /Volumes/Expansion/Codex_Project_Archive/DNMT3L_Evolution/DNMT3L_Broadened_Reanalysis_20261006/analysis_v2/selection_inputs/Placentalia_PRANK_selection_input.fasta --tree /Volumes/Expansion/Codex_Project_Archive/DNMT3L_Evolution/DNMT3L_Broadened_Reanalysis_20261006/analysis_v2/phylogenies/Placentalia_PRANK/Placentalia_PRANK.treefile --code Universal --branches All --pvalue 0.1 --multiple-hits Double+Triple --site-multihit Estimate --limit-to-sites ,350 --output /Volumes/Expansion/Codex_Project_Archive/DNMT3L_Evolution/DNMT3L_Broadened_Reanalysis_20261006/analysis_v2/conditional_sensitivity/Placentalia_PRANK/MEME_episodic_sites_DoubleTriple.json",0.010984991640501596,True,1,False
Sauropsida,MACSE,Sauropsida_MACSE,358,350,0.6666666666666666,0.179410094008679,0.3192031023943067,",350,372",3;35;37;350;372,3;35;37,,True,0.0,analysis_v2/conditional_sensitivity/Sauropsida_MACSE/MEME_episodic_sites_DoubleTriple.json,"/opt/anaconda3/bin/hyphy meme --alignment /Volumes/Expansion/Codex_Project_Archive/DNMT3L_Evolution/DNMT3L_Broadened_Reanalysis_20261006/analysis_v2/selection_inputs/Sauropsida_MACSE_selection_input.fasta --tree /Volumes/Expansion/Codex_Project_Archive/DNMT3L_Evolution/DNMT3L_Broadened_Reanalysis_20261006/analysis_v2/phylogenies/Sauropsida_MACSE/Sauropsida_MACSE.treefile --code Universal --branches All --pvalue 0.1 --multiple-hits Double+Triple --site-multihit Estimate --limit-to-sites ,350,372 --output /Volumes/Expansion/Codex_Project_Archive/DNMT3L_Evolution/DNMT3L_Broadened_Reanalysis_20261006/analysis_v2/conditional_sensitivity/Sauropsida_MACSE/MEME_episodic_sites_DoubleTriple.json",0.6875,False,0,False
Sauropsida,MAFFT,Sauropsida_MAFFT,358,343,0.6666666666666666,0.4518149692704459,0.01397404835742754,",343,365",3;34;36;343;365,3;34;36,,True,0.0,analysis_v2/conditional_sensitivity/Sauropsida_MAFFT/MEME_episodic_sites_DoubleTriple.json,"/opt/anaconda3/bin/hyphy meme --alignment /Volumes/Expansion/Codex_Project_Archive/DNMT3L_Evolution/DNMT3L_Broadened_Reanalysis_20261006/analysis_v2/selection_inputs/Sauropsida_MAFFT_selection_input.fasta --tree /Volumes/Expansion/Codex_Project_Archive/DNMT3L_Evolution/DNMT3L_Broadened_Reanalysis_20261006/analysis_v2/phylogenies/Sauropsida_MAFFT/Sauropsida_MAFFT.treefile --code Universal --branches All --pvalue 0.1 --multiple-hits Double+Triple --site-multihit Estimate --limit-to-sites ,343,365 --output /Volumes/Expansion/Codex_Project_Archive/DNMT3L_Evolution/DNMT3L_Broadened_Reanalysis_20261006/analysis_v2/conditional_sensitivity/Sauropsida_MAFFT/MEME_episodic_sites_DoubleTriple.json",0.6875,False,0,False
Sauropsida,PRANK,Sauropsida_PRANK,358,310,0.4312605446972025,0.1060872756367956,0.0001359728162330746,",310,332",3;31;33;310;332,3;31;33,,True,0.0,analysis_v2/conditional_sensitivity/Sauropsida_PRANK/MEME_episodic_sites_DoubleTriple.json,"/opt/anaconda3/bin/hyphy meme --alignment /Volumes/Expansion/Codex_Project_Archive/DNMT3L_Evolution/DNMT3L_Broadened_Reanalysis_20261006/analysis_v2/selection_inputs/Sauropsida_PRANK_selection_input.fasta --tree /Volumes/Expansion/Codex_Project_Archive/DNMT3L_Evolution/DNMT3L_Broadened_Reanalysis_20261006/analysis_v2/phylogenies/Sauropsida_PRANK/Sauropsida_PRANK.treefile --code Universal --branches All --pvalue 0.1 --multiple-hits Double+Triple --site-multihit Estimate --limit-to-sites ,310,332 --output /Volumes/Expansion/Codex_Project_Archive/DNMT3L_Evolution/DNMT3L_Broadened_Reanalysis_20261006/analysis_v2/conditional_sensitivity/Sauropsida_PRANK/MEME_episodic_sites_DoubleTriple.json",0.6875,False,0,False
Sauropsida,MACSE,Sauropsida_MACSE,380,372,0.5619677108031994,1.056291732962809,1.910817751657815,",350,372",3;35;37;350;372,3;35;37,,True,0.0,analysis_v2/conditional_sensitivity/Sauropsida_MACSE/MEME_episodic_sites_DoubleTriple.json,"/opt/anaconda3/bin/hyphy meme --alignment /Volumes/Expansion/Codex_Project_Archive/DNMT3L_Evolution/DNMT3L_Broadened_Reanalysis_20261006/analysis_v2/selection_inputs/Sauropsida_MACSE_selection_input.fasta --tree /Volumes/Expansion/Codex_Project_Archive/DNMT3L_Evolution/DNMT3L_Broadened_Reanalysis_20261006/analysis_v2/phylogenies/Sauropsida_MACSE/Sauropsida_MACSE.treefile --code Universal --branches All --pvalue 0.1 --multiple-hits Double+Triple --site-multihit Estimate --limit-to-sites ,350,372 --output /Volumes/Expansion/Codex_Project_Archive/DNMT3L_Evolution/DNMT3L_Broadened_Reanalysis_20261006/analysis_v2/conditional_sensitivity/Sauropsida_MACSE/MEME_episodic_sites_DoubleTriple.json",0.6875,False,0,False
Sauropsida,MAFFT,Sauropsida_MAFFT,380,365,0.6648744589528256,0.4152989186598244,0.2244622130202383,",343,365",3;34;36;343;365,3;34;36,,True,0.0,analysis_v2/conditional_sensitivity/Sauropsida_MAFFT/MEME_episodic_sites_DoubleTriple.json,"/opt/anaconda3/bin/hyphy meme --alignment /Volumes/Expansion/Codex_Project_Archive/DNMT3L_Evolution/DNMT3L_Broadened_Reanalysis_20261006/analysis_v2/selection_inputs/Sauropsida_MAFFT_selection_input.fasta --tree /Volumes/Expansion/Codex_Project_Archive/DNMT3L_Evolution/DNMT3L_Broadened_Reanalysis_20261006/analysis_v2/phylogenies/Sauropsida_MAFFT/Sauropsida_MAFFT.treefile --code Universal --branches All --pvalue 0.1 --multiple-hits Double+Triple --site-multihit Estimate --limit-to-sites ,343,365 --output /Volumes/Expansion/Codex_Project_Archive/DNMT3L_Evolution/DNMT3L_Broadened_Reanalysis_20261006/analysis_v2/conditional_sensitivity/Sauropsida_MAFFT/MEME_episodic_sites_DoubleTriple.json",0.6875,False,0,False
Sauropsida,PRANK,Sauropsida_PRANK,380,332,0.02189994934314321,1.323636443915195,0.01957391110237892,",310,332",3;31;33;310;332,3;31;33,,True,0.0,analysis_v2/conditional_sensitivity/Sauropsida_PRANK/MEME_episodic_sites_DoubleTriple.json,"/opt/anaconda3/bin/hyphy meme --alignment /Volumes/Expansion/Codex_Project_Archive/DNMT3L_Evolution/DNMT3L_Broadened_Reanalysis_20261006/analysis_v2/selection_inputs/Sauropsida_PRANK_selection_input.fasta --tree /Volumes/Expansion/Codex_Project_Archive/DNMT3L_Evolution/DNMT3L_Broadened_Reanalysis_20261006/analysis_v2/phylogenies/Sauropsida_PRANK/Sauropsida_PRANK.treefile --code Universal --branches All --pvalue 0.1 --multiple-hits Double+Triple --site-multihit Estimate --limit-to-sites ,310,332 --output /Volumes/Expansion/Codex_Project_Archive/DNMT3L_Evolution/DNMT3L_Broadened_Reanalysis_20261006/analysis_v2/conditional_sensitivity/Sauropsida_PRANK/MEME_episodic_sites_DoubleTriple.json",0.1445396656647452,False,0,False
