NP_037501_2_Position,NP_037501_2_Residue,Q9UJW3_9MPP_Entity_Position,Q9UJW3_9MPP_Entity_Residue,Relationship
1,M,1,M,exact
2,A,2,A,exact
3,A,3,A,exact
4,I,4,I,exact
5,P,5,T,substitution
6,A,6,A,exact
7,L,7,L,exact
8,D,8,D,exact
9,P,9,P,exact
10,E,10,E,exact
11,A,11,A,exact
12,E,12,E,exact
13,P,13,P,exact
14,S,14,S,exact
15,M,15,M,exact
16,D,16,D,exact
17,V,17,V,exact
18,I,18,I,exact
19,L,19,L,exact
20,V,20,V,exact
21,G,21,G,exact
22,S,22,S,exact
23,S,23,S,exact
24,E,24,E,exact
25,L,25,L,exact
26,S,26,S,exact
27,S,27,S,exact
28,S,28,S,exact
29,V,29,V,exact
30,S,30,S,exact
31,P,31,P,exact
32,G,32,G,exact
33,T,33,T,exact
34,G,34,G,exact
35,R,35,R,exact
36,D,36,D,exact
37,L,37,L,exact
38,I,38,I,exact
39,A,39,A,exact
40,Y,40,Y,exact
41,E,41,E,exact
42,V,42,V,exact
43,K,43,K,exact
44,A,44,A,exact
45,N,45,N,exact
46,Q,46,Q,exact
47,R,47,R,exact
48,N,48,N,exact
49,I,49,I,exact
50,E,50,E,exact
51,D,51,D,exact
52,I,52,I,exact
53,C,53,C,exact
54,I,54,I,exact
55,C,55,C,exact
56,C,56,C,exact
57,G,57,G,exact
58,S,58,S,exact
59,L,59,L,exact
60,Q,60,Q,exact
61,V,61,V,exact
62,H,62,H,exact
63,T,63,T,exact
64,Q,64,Q,exact
65,H,65,H,exact
66,P,66,P,exact
67,L,67,L,exact
68,F,68,F,exact
69,E,69,E,exact
70,G,70,G,exact
71,G,71,G,exact
72,I,72,I,exact
73,C,73,C,exact
74,A,74,A,exact
75,P,75,P,exact
76,C,76,C,exact
77,K,77,K,exact
78,D,78,D,exact
79,K,79,K,exact
80,F,80,F,exact
81,L,81,L,exact
82,D,82,D,exact
83,A,83,A,exact
84,L,84,L,exact
85,F,85,F,exact
86,L,86,L,exact
87,Y,87,Y,exact
88,D,88,D,exact
89,D,89,D,exact
90,D,90,D,exact
91,G,91,G,exact
92,Y,92,Y,exact
93,Q,93,Q,exact
94,S,94,S,exact
95,Y,95,Y,exact
96,C,96,C,exact
97,S,97,S,exact
98,I,98,I,exact
99,C,99,C,exact
100,C,100,C,exact
101,S,101,S,exact
102,G,102,G,exact
103,E,103,E,exact
104,T,104,T,exact
105,L,105,L,exact
106,L,106,L,exact
107,I,107,I,exact
108,C,108,C,exact
109,G,109,G,exact
110,N,110,N,exact
111,P,111,P,exact
112,D,112,D,exact
113,C,113,C,exact
114,T,114,T,exact
115,R,115,R,exact
116,C,116,C,exact
117,Y,117,Y,exact
118,C,118,C,exact
119,F,119,F,exact
120,E,120,E,exact
121,C,121,C,exact
122,V,122,V,exact
123,D,123,D,exact
124,S,124,S,exact
125,L,125,L,exact
126,V,126,V,exact
127,G,127,G,exact
128,P,128,P,exact
129,G,129,G,exact
130,T,130,T,exact
131,S,131,S,exact
132,G,132,G,exact
133,K,133,K,exact
134,V,134,V,exact
135,H,135,H,exact
136,A,136,A,exact
137,M,137,M,exact
138,S,138,S,exact
139,N,139,N,exact
140,W,140,W,exact
141,V,141,V,exact
142,C,142,C,exact
143,Y,143,Y,exact
144,L,144,L,exact
145,C,145,C,exact
146,L,146,L,exact
147,P,147,P,exact
148,S,148,S,exact
149,S,149,S,exact
150,R,150,R,exact
151,S,151,S,exact
152,G,152,G,exact
153,L,153,L,exact
154,L,154,L,exact
155,Q,155,Q,exact
156,R,156,R,exact
157,R,157,R,exact
158,R,158,R,exact
159,K,159,K,exact
160,W,160,W,exact
161,R,161,R,exact
162,S,162,S,exact
163,Q,163,Q,exact
164,L,164,L,exact
165,K,165,K,exact
166,A,166,A,exact
167,F,167,F,exact
168,Y,168,Y,exact
169,D,169,D,exact
170,R,170,R,exact
171,E,171,E,exact
172,S,172,S,exact
173,E,173,E,exact
174,N,174,N,exact
175,P,175,P,exact
176,L,176,L,exact
177,E,177,E,exact
178,M,178,M,exact
179,F,179,F,exact
180,E,180,E,exact
181,T,181,T,exact
182,V,182,V,exact
183,P,183,P,exact
184,V,184,V,exact
185,W,185,W,exact
186,R,186,R,exact
187,R,187,R,exact
188,Q,188,Q,exact
189,P,189,P,exact
190,V,190,V,exact
191,R,191,R,exact
192,V,192,V,exact
193,L,193,L,exact
194,S,194,S,exact
195,L,195,L,exact
196,F,196,F,exact
197,E,197,E,exact
198,D,198,D,exact
199,I,199,I,exact
200,K,200,K,exact
201,K,201,K,exact
202,E,202,E,exact
203,L,203,L,exact
204,T,204,T,exact
205,S,205,S,exact
206,L,206,L,exact
207,G,207,G,exact
208,F,208,F,exact
209,L,209,L,exact
210,E,210,E,exact
211,S,211,S,exact
212,G,212,G,exact
213,S,213,S,exact
214,D,214,D,exact
215,P,215,P,exact
216,G,216,G,exact
217,Q,217,Q,exact
218,L,218,L,exact
219,K,219,K,exact
220,H,220,H,exact
221,V,221,V,exact
222,V,222,V,exact
223,D,223,D,exact
224,V,224,V,exact
225,T,225,T,exact
226,D,226,D,exact
227,T,227,T,exact
228,V,228,V,exact
229,R,229,R,exact
230,K,230,K,exact
231,D,231,D,exact
232,V,232,V,exact
233,E,233,E,exact
234,E,234,E,exact
235,W,235,W,exact
236,G,236,G,exact
237,P,237,P,exact
238,F,238,F,exact
239,D,239,D,exact
240,L,240,L,exact
241,V,241,V,exact
242,Y,242,Y,exact
243,G,243,G,exact
244,A,244,A,exact
245,T,245,T,exact
246,P,246,P,exact
247,P,247,P,exact
248,L,248,L,exact
249,G,249,G,exact
250,H,250,H,exact
251,T,251,T,exact
252,C,252,C,exact
253,D,253,D,exact
254,R,254,R,exact
255,P,255,P,exact
256,P,256,P,exact
257,S,257,S,exact
258,W,258,W,exact
259,Y,259,Y,exact
260,L,260,L,exact
261,F,261,F,exact
262,Q,262,Q,exact
263,F,263,F,exact
264,H,264,H,exact
265,R,265,R,exact
266,L,266,L,exact
267,L,267,L,exact
268,Q,268,Q,exact
269,Y,269,Y,exact
270,A,270,A,exact
271,R,271,R,exact
272,P,272,P,exact
273,K,273,K,exact
274,P,274,P,exact
275,G,275,G,exact
276,S,276,S,exact
277,P,277,P,exact
278,R,278,G,substitution
279,P,279,P,exact
280,F,280,F,exact
281,F,281,F,exact
282,W,282,W,exact
283,M,283,M,exact
284,F,284,F,exact
285,V,285,V,exact
286,D,286,D,exact
287,N,287,N,exact
288,L,288,L,exact
289,V,289,V,exact
290,L,290,L,exact
291,N,291,N,exact
292,K,292,K,exact
293,E,293,E,exact
294,D,294,D,exact
295,L,295,L,exact
296,D,296,D,exact
297,V,297,V,exact
298,A,298,A,exact
299,S,299,S,exact
300,R,300,R,exact
301,F,301,F,exact
302,L,302,L,exact
303,E,303,E,exact
304,M,304,M,exact
305,E,305,E,exact
306,P,306,P,exact
307,V,307,V,exact
308,T,308,T,exact
309,I,309,I,exact
310,P,310,P,exact
311,D,311,D,exact
312,V,312,V,exact
313,H,313,H,exact
314,G,314,G,exact
315,G,315,G,exact
316,S,316,S,exact
317,L,317,L,exact
318,Q,318,Q,exact
319,N,319,N,exact
320,A,320,A,exact
321,V,321,V,exact
322,R,322,R,exact
323,V,323,V,exact
324,W,324,W,exact
325,S,325,S,exact
326,N,326,N,exact
327,I,327,I,exact
328,P,328,P,exact
329,A,329,A,exact
330,I,330,I,exact
331,R,331,R,exact
332,S,332,S,exact
333,S,,,NP_specific_insertion
334,R,333,R,exact
335,H,334,H,exact
336,W,335,W,exact
337,A,336,A,exact
338,L,337,L,exact
339,V,338,V,exact
340,S,339,S,exact
341,E,340,E,exact
342,E,341,E,exact
343,E,342,E,exact
344,L,343,L,exact
345,S,344,S,exact
346,L,345,L,exact
347,L,346,L,exact
348,A,347,A,exact
349,Q,348,Q,exact
350,N,349,N,exact
351,K,350,K,exact
352,Q,351,Q,exact
353,S,352,S,exact
354,S,353,S,exact
355,K,354,K,exact
356,L,355,L,exact
357,A,356,A,exact
358,A,357,A,exact
359,K,358,K,exact
360,W,359,W,exact
361,P,360,P,exact
362,T,361,T,exact
363,K,362,K,exact
364,L,363,L,exact
365,V,364,V,exact
366,K,365,K,exact
367,N,366,N,exact
368,C,367,C,exact
369,F,368,F,exact
370,L,369,L,exact
371,P,370,P,exact
372,L,371,L,exact
373,R,372,R,exact
374,E,373,E,exact
375,Y,374,Y,exact
376,F,375,F,exact
377,K,376,K,exact
378,Y,377,Y,exact
379,F,378,F,exact
380,S,379,S,exact
381,T,380,T,exact
382,E,381,E,exact
383,L,382,L,exact
384,T,383,T,exact
385,S,384,S,exact
386,S,385,S,exact
387,L,386,L,exact
