Scope,Aligner,Dataset,Sequence_Count,Codon_Sites,Free_Parameters,Parameter_to_Site_Ratio,Parameters_At_Least_Sites,Near_Zero_Internal_Branches,Internal_Branch_Length_Pct,Internal_Support_Values_N,Median_SH_aLRT,Internal_SH_aLRT_ge_80_Pct,Internal_SH_aLRT_ge_95_Pct,Alignment_SHA256,Tree_SHA256
Euarchontoglires,MACSE,Euarchontoglires_MACSE,83,386,180,0.46632124352331605,False,4,46.5714,80,95.8,65.0,52.5,5baa424606df0353eb3f999077d69ab439021fff26edb861f9551271e6b6184c,7959c75c3743f3edea8e9bf952fcef9886f34b3e0bcfb44515c223988834e252
Euarchontoglires,MAFFT,Euarchontoglires_MAFFT,83,386,180,0.46632124352331605,False,6,45.8194,80,95.85,70.0,51.24999999999999,53c7220022793bf114c1c577ff53bb18298eba511f2c7715083745626fb64909,8565e47af154261497b369265d5a034dd8d18f4b4e64d5f6560d7b40e30a2e7e
Euarchontoglires,PRANK,Euarchontoglires_PRANK,83,377,180,0.47745358090185674,False,9,44.6333,80,96.85,88.75,60.0,ad3c5560eabc17dd84810ed1eef227d7301ad60f8da8ef9b5429445a24256c19,309d7d99a7c05f65727353a72286d1c0f8d228ca71916bc9585f49c248569774
Laurasiatheria,MACSE,Laurasiatheria_MACSE,117,381,248,0.6509186351706037,False,16,49.5648,114,92.9,67.54385964912281,46.49122807017544,284cf474b1ef195be8f774ac43282edc874455dd242f9ba4272b24150ce69f31,1477ded2aca746699f0a526fceb2c2ac87033d90cd6f28e3e3f8d0f5990a571d
Laurasiatheria,MAFFT,Laurasiatheria_MAFFT,118,381,250,0.6561679790026247,False,8,47.4412,115,92.9,67.82608695652173,42.608695652173914,c95e9cb54c91ad37417451b3e5784fef52fcab9a30f6d73356d51bce0a251fa1,a2ea32c1cac5bb7d72c3c854c0a302717d7ff767df55ac0347f2329600792d10
Laurasiatheria,PRANK,Laurasiatheria_PRANK,117,379,248,0.6543535620052771,False,16,52.2862,114,95.4,87.71929824561403,52.63157894736842,70b6d5ce7c2164e04c633dd47c9ec295f1cb67fff8c7c76c68fd676041ea5b05,073dfe281378ed5dc28e8d8d5460abc3c6fbcd56bd072f4b36a9ca887202dab7
Placentalia,MACSE,Placentalia_MACSE,210,382,434,1.1361256544502618,True,24,47.5498,207,93.5,70.53140096618358,47.82608695652174,6341714818f785e40159422c7a75140f638895873ab3e98917f1838c42663179,ea5e87c0c00abca886023f98da192fccd8f1dcb50214ec685e41b94d867127db
Placentalia,MAFFT,Placentalia_MAFFT,211,380,436,1.1473684210526316,True,29,46.3595,208,94.35,75.48076923076923,48.07692307692308,ce1fc5e54888b1c9d96d0a9c42c01b34b354bcd3a1c41837522203dbf6355fc7,466e41a009fd0519f8975df96a30a5193aa0773d4965c12eab1793e082c265f1
Placentalia,PRANK,Placentalia_PRANK,210,373,434,1.1635388739946382,True,24,46.3668,207,95.6,84.05797101449275,54.106280193236714,a25c77c6c53e17716bd3d8c81b65e3eaa5ba1efb9cb85fda90102a92a71ddabd,4258ae3aee16d248e4951bece0118d5b8ffde43f1e19cc29a9b74a2c11fae36f
Sauropsida,MACSE,Sauropsida_MACSE,42,372,98,0.26344086021505375,False,2,36.6764,39,88.6,74.35897435897436,30.76923076923077,3d547c024fb1df4562c0febf5a0ac49e0ccbc72f898d997caa661d95684df851,595391df9879fb7e76bb5f95faa57031154a2cb33612820b9485bc90d68942cf
Sauropsida,MAFFT,Sauropsida_MAFFT,42,365,98,0.2684931506849315,False,4,34.5153,39,94.2,79.48717948717949,48.717948717948715,f04c7661b12efb6690bc7d1d355d452ccc2e0c2c59727cda039a5c7ba83c34d5,cea137d2d7f96fe90b11c40c18fec952485930a7bb6e3e969103c41d58d8216f
Sauropsida,PRANK,Sauropsida_PRANK,42,332,98,0.29518072289156627,False,2,41.8542,39,91.1,76.92307692307693,43.58974358974359,667f4633513bb632f1424ce0d28b5949f7ae0320111b41e435b6df14bafbcff6,5e6e758ff4a5fe4b3fc7e16d328ddb5d6a7b21cb1680b9719e5d38b9646d0cf5
