Scope,Category,Structural_Region,Eligible_Sites,Selected_Sites,Other_Eligible_Sites,Other_Selected_Sites,Fisher_Odds_Ratio,Fisher_p,Fisher_q_within_scope_category
Euarchontoglires,Robust_Pervasive_q10,switching_helix,15,0,353,1,0.0,1.0,1.0
Euarchontoglires,Robust_Pervasive_q10,switching_helix_adjacent_loop,5,0,363,1,0.0,1.0,1.0
Euarchontoglires,Robust_Episodic_q10,switching_helix,15,0,353,0,,1.0,1.0
Euarchontoglires,Robust_Episodic_q10,switching_helix_adjacent_loop,5,0,363,0,,1.0,1.0
Euarchontoglires,Robust_Purifying_q05,switching_helix,15,3,353,160,0.3015625,0.9890942000165083,1.0
Euarchontoglires,Robust_Purifying_q05,switching_helix_adjacent_loop,5,0,363,163,0.0,1.0,1.0
Laurasiatheria,Robust_Pervasive_q10,switching_helix,15,0,362,3,0.0,1.0,1.0
Laurasiatheria,Robust_Pervasive_q10,switching_helix_adjacent_loop,5,1,372,2,46.25,0.03936565268920368,0.07873130537840736
Laurasiatheria,Robust_Episodic_q10,switching_helix,15,0,362,15,0.0,1.0,1.0
Laurasiatheria,Robust_Episodic_q10,switching_helix_adjacent_loop,5,0,372,15,0.0,1.0,1.0
Laurasiatheria,Robust_Purifying_q05,switching_helix,15,1,362,141,0.11195542046605876,0.9992997211066408,0.9992997211066408
Laurasiatheria,Robust_Purifying_q05,switching_helix_adjacent_loop,5,2,372,140,1.1047619047619048,0.6227959455778411,0.9992997211066408
Placentalia,Robust_Pervasive_q10,switching_helix,15,0,351,3,0.0,1.0,1.0
Placentalia,Robust_Pervasive_q10,switching_helix_adjacent_loop,5,1,361,2,44.875,0.040535705031550524,0.08107141006310105
Placentalia,Robust_Episodic_q10,switching_helix,15,0,351,5,0.0,1.0,1.0
Placentalia,Robust_Episodic_q10,switching_helix_adjacent_loop,5,0,361,5,0.0,1.0,1.0
Placentalia,Robust_Purifying_q05,switching_helix,15,5,351,220,0.29772727272727273,0.9942256676280188,0.9942256676280188
Placentalia,Robust_Purifying_q05,switching_helix_adjacent_loop,5,1,361,224,0.15290178571428573,0.9918815882692966,0.9942256676280188
Sauropsida,Robust_Pervasive_q10,switching_helix,12,0,297,0,,1.0,1.0
Sauropsida,Robust_Pervasive_q10,switching_helix_adjacent_loop,5,0,304,0,,1.0,1.0
Sauropsida,Robust_Episodic_q10,switching_helix,12,0,297,3,0.0,1.0,1.0
Sauropsida,Robust_Episodic_q10,switching_helix_adjacent_loop,5,0,304,3,0.0,1.0,1.0
Sauropsida,Robust_Purifying_q05,switching_helix,12,2,297,109,0.344954128440367,0.9656062470606573,0.9656062470606573
Sauropsida,Robust_Purifying_q05,switching_helix_adjacent_loop,5,1,304,110,0.4409090909090909,0.8939391772315903,0.9656062470606573
