Scope,Aligner,Dataset,Alignment_SHA256,Sequence_Count,All_Pair_Count,Sampled_Pair_Count,Minimum_Valid_Codons,Median_Valid_Codons,NG86_Finite_N,NG86_Failure_or_Nonfinite_Pct,NG86_dS_Median,NG86_dS_P90,NG86_dS_ge_1_Pct,NG86_dS_ge_2_Pct,Pos1_PDistance_Median,Pos2_PDistance_Median,Pos3_PDistance_Median,Pos3_PDistance_P90,Pos3_K80_Undefined_Pct,Spearman_NG86_dS_vs_Pos3_PDistance,Diagnostic_Result
Euarchontoglires,MACSE,Euarchontoglires_MACSE,5baa424606df0353eb3f999077d69ab439021fff26edb861f9551271e6b6184c,83,3403,3000,327,384.0,3000,0.0,0.8197294771094051,1.1916766982614397,31.233333333333334,0.0,0.21621621621621623,0.1810810810810811,0.3776607789855072,0.4378252345609859,0.0,0.9795269343857417,moderate multiple-hit/saturation risk
Euarchontoglires,MAFFT,Euarchontoglires_MAFFT,53c7220022793bf114c1c577ff53bb18298eba511f2c7715083745626fb64909,83,3403,3000,328,385.0,3000,0.0,0.8183268323618682,1.191197963684885,32.0,0.0,0.2207438338228529,0.18393782383419688,0.3806996728148707,0.4481865284974093,0.0,0.9837305161176855,moderate multiple-hit/saturation risk
Euarchontoglires,PRANK,Euarchontoglires_PRANK,ad3c5560eabc17dd84810ed1eef227d7301ad60f8da8ef9b5429445a24256c19,83,3403,3000,261,375.0,3000,0.0,0.8044394977510316,1.182219562183732,29.566666666666666,0.0,0.20298507462686566,0.16860997186726773,0.3703810367744794,0.4362189596834318,0.0,0.9825644551245081,moderate multiple-hit/saturation risk
Laurasiatheria,MACSE,Laurasiatheria_MACSE,284cf474b1ef195be8f774ac43282edc874455dd242f9ba4272b24150ce69f31,117,6786,3000,292,378.0,3000,0.0,0.4741203794679621,0.6876942600059575,1.1,0.0,0.11842105263157895,0.10236220472440945,0.26246719160104987,0.3500453172205437,0.0,0.9713149679059455,limited multiple-hit signal in sampled pairs
Laurasiatheria,MAFFT,Laurasiatheria_MAFFT,c95e9cb54c91ad37417451b3e5784fef52fcab9a30f6d73356d51bce0a251fa1,118,6903,3000,283,379.0,3000,0.0,0.47635245580183433,0.6841921730070551,0.9333333333333333,0.0,0.12335958005249344,0.1045751633986928,0.26246719160104987,0.34933333333333333,0.0,0.9744493878070908,limited multiple-hit signal in sampled pairs
Laurasiatheria,PRANK,Laurasiatheria_PRANK,70b6d5ce7c2164e04c633dd47c9ec295f1cb67fff8c7c76c68fd676041ea5b05,117,6786,3000,233,371.0,3000,0.0,0.46165860595135483,0.6332300028147719,0.8333333333333334,0.0,0.11081081081081082,0.09281437125748503,0.2559366754617414,0.31137724550898205,0.0,0.9696681219972182,limited multiple-hit signal in sampled pairs
Placentalia,MACSE,Placentalia_MACSE,6341714818f785e40159422c7a75140f638895873ab3e98917f1838c42663179,210,21945,3000,302,380.0,3000,0.0,0.6659896626477173,1.1648048314143176,21.533333333333335,0.0,0.16622337603542553,0.14039336004192232,0.32819862125668026,0.4421355745384404,0.0,0.982330886971324,limited multiple-hit signal in sampled pairs
Placentalia,MAFFT,Placentalia_MAFFT,ce1fc5e54888b1c9d96d0a9c42c01b34b354bcd3a1c41837522203dbf6355fc7,211,22155,3000,287,377.0,3000,0.0,0.6671928474653657,1.1751463142882173,20.733333333333334,0.0,0.16935483870967744,0.14473684210526316,0.32892991763227697,0.4411764705882353,0.0,0.9829310460005749,limited multiple-hit signal in sampled pairs
Placentalia,PRANK,Placentalia_PRANK,a25c77c6c53e17716bd3d8c81b65e3eaa5ba1efb9cb85fda90102a92a71ddabd,210,21945,3000,233,371.0,3000,0.0,0.6557474607235365,1.140089255214147,19.8,0.0,0.15675675675675677,0.13136729222520108,0.3225806451612903,0.4316353887399464,0.0,0.980026334037279,limited multiple-hit signal in sampled pairs
Sauropsida,MACSE,Sauropsida_MACSE,3d547c024fb1df4562c0febf5a0ac49e0ccbc72f898d997caa661d95684df851,42,861,861,319,360.0,861,0.0,1.2085882486250812,2.120429038775477,68.6411149825784,12.89198606271777,0.24705882352941178,0.16666666666666669,0.43454038997214484,0.504225352112676,0.0,0.9038588779046394,moderate multiple-hit/saturation risk
Sauropsida,MAFFT,Sauropsida_MAFFT,f04c7661b12efb6690bc7d1d355d452ccc2e0c2c59727cda039a5c7ba83c34d5,42,861,861,298,360.0,861,0.0,1.2435194963730138,2.076724850481722,70.15098722415796,12.543554006968641,0.24166666666666664,0.1527777777777778,0.4314285714285714,0.5014409221902018,0.0,0.9542483225851512,moderate multiple-hit/saturation risk
Sauropsida,PRANK,Sauropsida_PRANK,667f4633513bb632f1424ce0d28b5949f7ae0320111b41e435b6df14bafbcff6,42,861,861,273,327.0,861,0.0,1.2704071736855016,2.1597308666632933,69.80255516840883,17.653890824622533,0.22629969418960244,0.14285714285714285,0.4311926605504587,0.49698795180722893,0.0,0.9491354515284456,moderate multiple-hit/saturation risk
