Scope,Aligner,Dataset,Human_Position,Filtered_Site,FEL_DoubleTriple_alpha,FEL_DoubleTriple_beta,FEL_DoubleTriple_p,FEL_DoubleTriple_q_across_focal_tests,FEL_DoubleTriple_direction,Conditional_Diversifying_q05,Conditional_Robust_2of3_FEL,MEME_DoubleTriple_p,MEME_DoubleTriple_q_across_focal_tests,Conditional_Significant_q05,Conditional_Robust_2of3_MEME
Placentalia,MACSE,Placentalia_MACSE,358,354,0.3755309442061601,1.029995778977736,0.0350553269271054,0.0701106538542109,diversifying,False,True,0.0510072466208374,0.2404627340696622,False,False
Placentalia,MAFFT,Placentalia_MAFFT,358,353,0.2638282462338196,1.126139447262659,0.0026508495353889,0.0119288229092503,diversifying,True,True,0.004924826242434,0.0541730886667747,False,False
Placentalia,PRANK,Placentalia_PRANK,358,350,0.1104656214736358,1.103074629272883,0.0003173507774355,0.0057123139938399,diversifying,True,True,0.0006657570691213,0.0109849916405015,True,False
Euarchontoglires,MACSE,Euarchontoglires_MACSE,358,357,0.3736525985488227,1.000984031930825,0.1486134751435985,0.1671901595365483,diversifying,False,False,0.1765864452369069,0.4481383272972987,False,False
Euarchontoglires,MAFFT,Euarchontoglires_MAFFT,358,357,0.4288857534603341,1.141702835481251,0.1053941644712315,0.1264729973654778,diversifying,False,False,0.1363761237252169,0.4091283711756507,False,False
Euarchontoglires,PRANK,Euarchontoglires_PRANK,358,353,0.1873046878907301,0.961389698081739,0.0652511339778572,0.0848107860532072,diversifying,False,False,0.0903466721135228,0.2981440179746255,False,False
Laurasiatheria,MACSE,Laurasiatheria_MACSE,358,352,0.5465542876896072,1.377565177372495,0.1664241307122898,0.1762137854600715,diversifying,False,False,0.190119290368551,0.4481383272972987,False,False
Laurasiatheria,MAFFT,Laurasiatheria_MAFFT,358,352,0.3503068502240995,1.567320650407234,0.0659639447080501,0.0848107860532072,diversifying,False,False,0.0870229248432625,0.2981440179746255,False,False
Laurasiatheria,PRANK,Laurasiatheria_PRANK,358,350,0.2758594167082937,1.379450602392905,0.0486374550971925,0.079588562886315,diversifying,False,False,0.0670988034361409,0.2767825641740813,False,False
Sauropsida,MACSE,Sauropsida_MACSE,358,350,0.4581982810994578,0.0412303332094532,0.0582202733378539,0.0848107860532072,purifying_or_neutral,False,False,0.6666666666666666,0.6875,False,False
Sauropsida,MAFFT,Sauropsida_MAFFT,358,343,0.8365503354819342,0.0961633518087077,0.0419193007203114,0.0754547412965606,purifying_or_neutral,False,False,0.6666666666666666,0.6875,False,False
Sauropsida,PRANK,Sauropsida_PRANK,358,310,0.225484878272224,0.0197401679748805,0.183812977809604,0.183812977809604,purifying_or_neutral,False,False,0.4312605446972025,0.6875,False,False
