Scope,Aligner,Dataset,Filtered_Site,Human_Position,Resolved_N,All_Three_Resolved_Fraction,All_Three_Exact_Among_Resolved,Alignment_Stable_Coverage80_Concordance90,FUBAR_alpha,FUBAR_beta,FUBAR_PP_positive,FEL_alpha,FEL_beta,FEL_p,FEL_q,MEME_p,MEME_q,Joint_Pervasive_q10,Joint_Pervasive_q05,MEME_q10,MEME_q05,Per_Alignment_Call
Placentalia,MACSE,Placentalia_MACSE,354,358,211,0.943661971830986,0.9701492537313432,True,0.8827309504224089,2.812787168988838,0.9938201648139944,0.6080215553265792,1.282579580211622,0.0395018617456482,0.0620975769005664,0.0142636936382196,0.1816243656599971,True,False,False,False,pervasive q <= 0.10
Placentalia,MAFFT,Placentalia_MAFFT,353,358,213,0.943661971830986,0.9701492537313432,True,0.6573774535140594,2.812881256867701,0.9993087071318052,0.3669693868710419,1.275269560340455,0.0020088832801581,0.0041263548457302,0.0017563081566741,0.0444931399690786,True,True,True,True,pervasive q <= 0.05; episodic q <= 0.05
Placentalia,PRANK,Placentalia_PRANK,350,358,203,0.943661971830986,0.9701492537313432,True,0.5189450887122348,2.814718724293412,0.9999751220055432,0.2303014298608076,1.300136836310203,0.0003384926476585,0.0008198555686793,0.0006895848650407,0.1286075773301058,True,True,False,False,pervasive q <= 0.05
Euarchontoglires,MACSE,Euarchontoglires_MACSE,357,358,84,0.9404761904761904,0.9620253164556962,True,1.067603067634804,2.509451181604088,0.8701996703041333,0.6682389821215442,1.203208028250954,0.2363439741284199,0.3404058731849629,0.2537431250722861,0.6825817860300618,False,False,False,False,none
Euarchontoglires,MAFFT,Euarchontoglires_MAFFT,357,358,84,0.9404761904761904,0.9620253164556962,True,0.911458993538672,2.462599930046293,0.9048724825720416,0.5187766470534838,1.186802028876547,0.1142079217757643,0.2003829900247501,0.1434935800995586,0.6825817860300618,False,False,False,False,none
Euarchontoglires,PRANK,Euarchontoglires_PRANK,353,358,79,0.9404761904761904,0.9620253164556962,True,0.8613615074494197,2.053287599083044,0.8297374583643943,0.4254119558684889,1.10412324479087,0.1083326735744491,0.1848027960975896,0.1350577558167786,0.6829710144927535,False,False,False,False,none
Laurasiatheria,MACSE,Laurasiatheria_MACSE,352,358,117,0.9243697478991596,0.990909090909091,True,1.185108927487782,2.814351516147546,0.8264935331991186,0.7042485096863662,1.693118352585484,0.1088077739211408,0.1882434248155313,0.056143735143773,0.465016588908207,False,False,False,False,none
Laurasiatheria,MAFFT,Laurasiatheria_MAFFT,352,358,119,0.9243697478991596,0.990909090909091,True,1.088770750255234,2.81737161143933,0.9018851773569352,0.5916556895222648,1.894859955509029,0.0328440146545527,0.0751660296358543,0.0269200227485857,0.2772034774921937,True,False,False,False,pervasive q <= 0.10
Laurasiatheria,PRANK,Laurasiatheria_PRANK,350,358,110,0.9243697478991596,0.990909090909091,True,0.6899097943220033,2.817675466422996,0.9749142125330282,0.3057585460337447,1.614395615809851,0.0203251344058168,0.050347881959507,0.0192163857402065,0.6069175162948575,True,False,False,False,pervasive q <= 0.10
Sauropsida,MACSE,Sauropsida_MACSE,350,358,42,0.9523809523809524,0.975,True,1.276472425972472,0.6859988786967829,0.1625006525681314,0.8485065526352346,0.4015886616572797,0.3977877467642815,0.5480631177641212,0.0035622051530816,0.1692644482323951,False,False,False,False,none
Sauropsida,MAFFT,Sauropsida_MAFFT,343,358,42,0.9523809523809524,0.975,True,1.161146705622221,0.2264987359723709,0.0160147547959971,0.7306948372424092,0.0856843711904419,0.0417735137241391,0.104626617155861,0.6666666666666666,0.6778087279480036,False,False,False,False,none
Sauropsida,PRANK,Sauropsida_PRANK,310,358,40,0.9523809523809524,0.975,True,0.9642460777208158,0.5041104100443887,0.2223411552671592,0.445581864044869,0.2288817232884003,0.5915597595538373,0.7247152773869888,0.0017436410748806,0.1759643480716613,False,False,False,False,none
