Scope,Aligner,Provenance,Input_CDS,Input_Protein,Output_Path,Output_SHA256,Command
Placentalia,MACSE,copied_from_archived_reanalysis,analysis_v2/inputs/Placentalia_cds_with_coordinate_anchor.fasta,analysis_v2/inputs/Placentalia_protein_with_coordinate_anchor.fasta,analysis_v2/raw_alignments/Placentalia/MACSE/Placentalia_MACSE_NT.fasta,52bca7dfa94ab96d06055e2ff2432f7286ae701b3e09ed5e57f760cdb91386b1,cp source_package/analysis/orthology_rebuild_20260826/clade_alignments/Placentalia/MACSE/Placentalia_MACSE_NT.fasta analysis_v2/raw_alignments/Placentalia/MACSE/Placentalia_MACSE_NT.fasta
Placentalia,MAFFT,copied_from_archived_reanalysis,analysis_v2/inputs/Placentalia_cds_with_coordinate_anchor.fasta,analysis_v2/inputs/Placentalia_protein_with_coordinate_anchor.fasta,analysis_v2/raw_alignments/Placentalia/MAFFT/Placentalia_MAFFT_NT.fasta,57084a513bd481394b88574ccc6efaacd190532ad03fc9a2db0db2867589be5d,cp source_package/analysis/orthology_rebuild_20260826/clade_alignments/Placentalia/MAFFT/Placentalia_MAFFT_NT.fasta analysis_v2/raw_alignments/Placentalia/MAFFT/Placentalia_MAFFT_NT.fasta
Placentalia,PRANK,copied_from_archived_reanalysis,analysis_v2/inputs/Placentalia_cds_with_coordinate_anchor.fasta,analysis_v2/inputs/Placentalia_protein_with_coordinate_anchor.fasta,analysis_v2/raw_alignments/Placentalia/PRANK/Placentalia_PRANK_NT.fasta,941412e2b7402ade621c36365016cb2d2e4d57ef5b43455793b5f0dafa806151,cp source_package/analysis/orthology_rebuild_20260826/clade_alignments/Placentalia/PRANK/Placentalia_PRANK.best.fas analysis_v2/raw_alignments/Placentalia/PRANK/Placentalia_PRANK_NT.fasta
Euarchontoglires,MACSE,copied_from_archived_reanalysis,analysis_v2/inputs/Euarchontoglires_cds_with_coordinate_anchor.fasta,analysis_v2/inputs/Euarchontoglires_protein_with_coordinate_anchor.fasta,analysis_v2/raw_alignments/Euarchontoglires/MACSE/Euarchontoglires_MACSE_NT.fasta,67191f473b735762ea9a513f7e10d623de0e97d0a128f92ec006720103028629,cp source_package/analysis/orthology_rebuild_20260826/clade_alignments/Euarchontoglires/MACSE/Euarchontoglires_MACSE_NT.fasta analysis_v2/raw_alignments/Euarchontoglires/MACSE/Euarchontoglires_MACSE_NT.fasta
Euarchontoglires,MAFFT,new_clade_specific_alignment,analysis_v2/inputs/Euarchontoglires_cds_with_coordinate_anchor.fasta,analysis_v2/inputs/Euarchontoglires_protein_with_coordinate_anchor.fasta,analysis_v2/raw_alignments/Euarchontoglires/MAFFT/Euarchontoglires_MAFFT_NT.fasta,7a0a7b0f8740a84502404dbd6a08cecf19f9c6a6cbf51a73198774708df81f9a,/opt/homebrew/bin/mafft --auto --thread 8 /Volumes/Expansion/Codex_Project_Archive/DNMT3L_Evolution/DNMT3L_Broadened_Reanalysis_20261006/analysis_v2/inputs/Euarchontoglires_protein_with_coordinate_anchor.fasta ; /opt/anaconda3/bin/macse -prog reportGapsAA2NT -align_AA /Volumes/Expansion/Codex_Project_Archive/DNMT3L_Evolution/DNMT3L_Broadened_Reanalysis_20261006/analysis_v2/raw_alignments/Euarchontoglires/MAFFT/Euarchontoglires_MAFFT_AA.fasta -seq /Volumes/Expansion/Codex_Project_Archive/DNMT3L_Evolution/DNMT3L_Broadened_Reanalysis_20261006/analysis_v2/inputs/Euarchontoglires_cds_with_coordinate_anchor.fasta -out_NT /Volumes/Expansion/Codex_Project_Archive/DNMT3L_Evolution/DNMT3L_Broadened_Reanalysis_20261006/analysis_v2/raw_alignments/Euarchontoglires/MAFFT/Euarchontoglires_MAFFT_NT.fasta
Euarchontoglires,PRANK,new_clade_specific_alignment,analysis_v2/inputs/Euarchontoglires_cds_with_coordinate_anchor.fasta,analysis_v2/inputs/Euarchontoglires_protein_with_coordinate_anchor.fasta,analysis_v2/raw_alignments/Euarchontoglires/PRANK/Euarchontoglires_PRANK_NT.fasta,15591114c30c65ec871114203036fdf2579da11860bfe35de66ed3f372685740,/opt/homebrew/bin/prank -d=/Volumes/Expansion/Codex_Project_Archive/DNMT3L_Evolution/DNMT3L_Broadened_Reanalysis_20261006/analysis_v2/inputs/Euarchontoglires_cds_with_coordinate_anchor.fasta -o=/Volumes/Expansion/Codex_Project_Archive/DNMT3L_Evolution/DNMT3L_Broadened_Reanalysis_20261006/analysis_v2/raw_alignments/Euarchontoglires/PRANK/Euarchontoglires_PRANK -codon -f=fasta -iterate=2 -seed=20261006 -quiet
Laurasiatheria,MACSE,copied_from_archived_reanalysis,analysis_v2/inputs/Laurasiatheria_cds_with_coordinate_anchor.fasta,analysis_v2/inputs/Laurasiatheria_protein_with_coordinate_anchor.fasta,analysis_v2/raw_alignments/Laurasiatheria/MACSE/Laurasiatheria_MACSE_NT.fasta,a89e14a35972d395d8d3287cc5defabf8ba159194db39e88379cbfa7950bfab7,cp source_package/analysis/orthology_rebuild_20260826/clade_alignments/Laurasiatheria/MACSE/Laurasiatheria_MACSE_with_human_anchor_NT.fasta analysis_v2/raw_alignments/Laurasiatheria/MACSE/Laurasiatheria_MACSE_NT.fasta
Laurasiatheria,MAFFT,new_clade_specific_alignment,analysis_v2/inputs/Laurasiatheria_cds_with_coordinate_anchor.fasta,analysis_v2/inputs/Laurasiatheria_protein_with_coordinate_anchor.fasta,analysis_v2/raw_alignments/Laurasiatheria/MAFFT/Laurasiatheria_MAFFT_NT.fasta,295d3ea5c2af36ed7cd59f4f70a0754ab9768afbfc3b971f37889bd8b065f8ee,/opt/homebrew/bin/mafft --auto --thread 8 /Volumes/Expansion/Codex_Project_Archive/DNMT3L_Evolution/DNMT3L_Broadened_Reanalysis_20261006/analysis_v2/inputs/Laurasiatheria_protein_with_coordinate_anchor.fasta ; /opt/anaconda3/bin/macse -prog reportGapsAA2NT -align_AA /Volumes/Expansion/Codex_Project_Archive/DNMT3L_Evolution/DNMT3L_Broadened_Reanalysis_20261006/analysis_v2/raw_alignments/Laurasiatheria/MAFFT/Laurasiatheria_MAFFT_AA.fasta -seq /Volumes/Expansion/Codex_Project_Archive/DNMT3L_Evolution/DNMT3L_Broadened_Reanalysis_20261006/analysis_v2/inputs/Laurasiatheria_cds_with_coordinate_anchor.fasta -out_NT /Volumes/Expansion/Codex_Project_Archive/DNMT3L_Evolution/DNMT3L_Broadened_Reanalysis_20261006/analysis_v2/raw_alignments/Laurasiatheria/MAFFT/Laurasiatheria_MAFFT_NT.fasta
Laurasiatheria,PRANK,new_clade_specific_alignment,analysis_v2/inputs/Laurasiatheria_cds_with_coordinate_anchor.fasta,analysis_v2/inputs/Laurasiatheria_protein_with_coordinate_anchor.fasta,analysis_v2/raw_alignments/Laurasiatheria/PRANK/Laurasiatheria_PRANK_NT.fasta,8807e0b1e53f28e2947a7764993f96306a2b435cd137ac1031fd2252d0acd828,/opt/homebrew/bin/prank -d=/Volumes/Expansion/Codex_Project_Archive/DNMT3L_Evolution/DNMT3L_Broadened_Reanalysis_20261006/analysis_v2/inputs/Laurasiatheria_cds_with_coordinate_anchor.fasta -o=/Volumes/Expansion/Codex_Project_Archive/DNMT3L_Evolution/DNMT3L_Broadened_Reanalysis_20261006/analysis_v2/raw_alignments/Laurasiatheria/PRANK/Laurasiatheria_PRANK -codon -f=fasta -iterate=2 -seed=20261006 -quiet
Sauropsida,MACSE,copied_from_archived_reanalysis,analysis_v2/inputs/Sauropsida_cds_with_coordinate_anchor.fasta,analysis_v2/inputs/Sauropsida_protein_with_coordinate_anchor.fasta,analysis_v2/raw_alignments/Sauropsida/MACSE/Sauropsida_MACSE_NT.fasta,c028ab2c62d41f8ebfc7a0f42ab10b4b5f4f3a373656c8a001c3c75c4857320e,cp source_package/analysis/orthology_rebuild_20260826/clade_alignments/Sauropsida/MACSE/Sauropsida_MACSE_with_human_anchor_NT.fasta analysis_v2/raw_alignments/Sauropsida/MACSE/Sauropsida_MACSE_NT.fasta
Sauropsida,MAFFT,new_clade_specific_alignment,analysis_v2/inputs/Sauropsida_cds_with_coordinate_anchor.fasta,analysis_v2/inputs/Sauropsida_protein_with_coordinate_anchor.fasta,analysis_v2/raw_alignments/Sauropsida/MAFFT/Sauropsida_MAFFT_NT.fasta,eba6629241404fa95db99c08f64a89280a90228907afea38b07aa4da4623fb0e,/opt/homebrew/bin/mafft --auto --thread 8 /Volumes/Expansion/Codex_Project_Archive/DNMT3L_Evolution/DNMT3L_Broadened_Reanalysis_20261006/analysis_v2/inputs/Sauropsida_protein_with_coordinate_anchor.fasta ; /opt/anaconda3/bin/macse -prog reportGapsAA2NT -align_AA /Volumes/Expansion/Codex_Project_Archive/DNMT3L_Evolution/DNMT3L_Broadened_Reanalysis_20261006/analysis_v2/raw_alignments/Sauropsida/MAFFT/Sauropsida_MAFFT_AA.fasta -seq /Volumes/Expansion/Codex_Project_Archive/DNMT3L_Evolution/DNMT3L_Broadened_Reanalysis_20261006/analysis_v2/inputs/Sauropsida_cds_with_coordinate_anchor.fasta -out_NT /Volumes/Expansion/Codex_Project_Archive/DNMT3L_Evolution/DNMT3L_Broadened_Reanalysis_20261006/analysis_v2/raw_alignments/Sauropsida/MAFFT/Sauropsida_MAFFT_NT.fasta
Sauropsida,PRANK,new_clade_specific_alignment,analysis_v2/inputs/Sauropsida_cds_with_coordinate_anchor.fasta,analysis_v2/inputs/Sauropsida_protein_with_coordinate_anchor.fasta,analysis_v2/raw_alignments/Sauropsida/PRANK/Sauropsida_PRANK_NT.fasta,46906bd88124dd5ec86116dfebc730648c9c2e1bd4dfc3e1ddf126ac6ed32715,/opt/homebrew/bin/prank -d=/Volumes/Expansion/Codex_Project_Archive/DNMT3L_Evolution/DNMT3L_Broadened_Reanalysis_20261006/analysis_v2/inputs/Sauropsida_cds_with_coordinate_anchor.fasta -o=/Volumes/Expansion/Codex_Project_Archive/DNMT3L_Evolution/DNMT3L_Broadened_Reanalysis_20261006/analysis_v2/raw_alignments/Sauropsida/PRANK/Sauropsida_PRANK -codon -f=fasta -iterate=2 -seed=20261006 -quiet
